Track URI,Track Name,Album Name,Artist Name(s),Release Date,Duration (ms),Popularity,Explicit,Added By,Added At,Genres,Record Label,Danceability,Energy,Key,Loudness,Mode,Speechiness,Acousticness,Instrumentalness,Liveness,Valence,Tempo,Time Signature
spotify:track:2wVDWtLKXunswWecARNILj,SOLO,SOLO,JENNIE,11/12/2018,169566,69,FALSE,dxgbydtxj4ernrimisfdo7p0h,2022-12-01T05:13:19Z,k-pop,"YG Entertainment, distributed through Interscope Records",0.751,0.642,3,-5.165,0,0.087,0.0861,0,0.0953,0.388,95.045,4
spotify:track:4ZxOuNHhpyOj4gv52MtQpT,As If It's Your Last,As If It's Your Last,BLACKPINK,6/22/2017,213264,77,FALSE,dxgbydtxj4ernrimisfdo7p0h,2022-12-01T05:13:24Z,k-pop,YG Entertainment,0.786,0.852,8,-2.687,1,0.0813,0.0687,0,0.0759,0.455,125.036,4
spotify:track:1HsSIPLTQT354yJcQGfEY3,Good Boy Gone Bad,minisode 2: Thursday's Child,TOMORROW X TOGETHER,5/9/2022,191038,65,FALSE,dxgbydtxj4ernrimisfdo7p0h,2022-12-01T05:13:50Z,k-pop,Republic Records - TXT,0.475,0.695,1,-5.919,1,0.102,0.0159,0,0.125,0.552,100.009,4
spotify:track:04CHEoMbrLOiX8co3EG5dO,Thursday's Child Has Far To Go,minisode 2: Thursday's Child,TOMORROW X TOGETHER,5/9/2022,211399,58,FALSE,dxgbydtxj4ernrimisfdo7p0h,2022-12-01T05:13:53Z,k-pop,Republic Records - TXT,0.631,0.762,11,-4.208,1,0.105,0.049,0,0.0926,0.668,167.14,4
spotify:track:5elW2CKSoqjYoJ32AGDxf1,Polaroid Love,DIMENSION : ANSWER,ENHYPEN,1/10/2022,184601,71,FALSE,dxgbydtxj4ernrimisfdo7p0h,2023-01-15T16:19:51Z,k-pop,BELIFT LAB,0.738,0.67,7,-3.766,0,0.0439,0.458,0,0.361,0.651,138.055,4
spotify:track:5YMXGBD6vcYP7IolemyLtK,Euphoria,Love Yourself 結 'Answer',BTS,8/24/2018,228615,72,FALSE,dxgbydtxj4ernrimisfdo7p0h,2023-01-15T16:19:56Z,k-pop,BIGHIT MUSIC,0.637,0.799,2,-4.518,1,0.0338,0.394,0,0.0921,0.57,104.996,4
spotify:track:37ZtpRBkHcaq6hHy0X98zn,I CAN'T STOP ME,Eyes Wide Open,TWICE,10/26/2020,205493,74,FALSE,dxgbydtxj4ernrimisfdo7p0h,2023-01-27T05:19:38Z,k-pop,Republic Records - TWICE,0.657,0.88,10,-3.672,0,0.102,0.121,0,0.463,0.769,150.084,4
spotify:track:1XnpzbOGptRwfJhZgLbmSr,Pretty Savage,THE ALBUM,BLACKPINK,10/2/2020,201122,72,FALSE,dxgbydtxj4ernrimisfdo7p0h,2023-01-27T05:19:44Z,k-pop,YG Entertainment/Interscope Records,0.701,0.556,9,-7.42,0,0.0414,0.00886,0.000122,0.106,0.333,152.045,4
spotify:track:308Ir17KlNdlrbVLHWhlLe,The Feels,Formula of Love: O+T=<3,TWICE,11/12/2021,198053,74,FALSE,dxgbydtxj4ernrimisfdo7p0h,2023-01-27T05:19:49Z,k-pop,Republic Records - TWICE,0.808,0.903,9,-2.179,1,0.0729,0.0899,0,0.0816,0.922,120.044,4
spotify:track:3dbLT62Cvs46Ju7a8gpr36,Savage,Savage - The 1st Mini Album,aespa,10/5/2021,238143,66,FALSE,dxgbydtxj4ernrimisfdo7p0h,2023-01-27T05:19:56Z,k-pop,SM Entertainment,0.727,0.879,9,-1.167,1,0.129,0.124,0.0000117,0.244,0.671,146.959,4
spotify:track:5FiXhM80sP4yg6tEnHkZZn,HWAA,I burn,i-dle,1/11/2021,197320,60,FALSE,dxgbydtxj4ernrimisfdo7p0h,2023-01-27T05:20:02Z,k-pop,Universal Music LLC,0.384,0.868,6,-3.226,0,0.0711,0.0458,0.00000582,0.0797,0.233,95.027,4
spotify:track:5VXSt0cvi5wtJTox0wKI4x,DUMB DUMB,XOXO,JEON SOMI,10/29/2021,147240,54,FALSE,dxgbydtxj4ernrimisfdo7p0h,2023-01-27T05:20:01Z,k-pop,THE BLACK LABEL/Interscope Records,0.852,0.749,2,-6.218,1,0.0488,0.0177,0.000133,0.0695,0.386,103.06,4
spotify:track:4pspYVQGFHLPEFgQPD1J7e,WANNABE,IT'z ME,ITZY,3/9/2020,191242,68,FALSE,dxgbydtxj4ernrimisfdo7p0h,2023-01-27T05:20:08Z,k-pop,Republic Records - ITZY,0.809,0.911,6,-4.41,0,0.0617,0.00795,0.000179,0.181,0.64,122.035,4
spotify:track:2zrhoHlFKxFTRF5aMyxMoQ,Next Level,Next Level,aespa,5/17/2021,221573,69,FALSE,dxgbydtxj4ernrimisfdo7p0h,2023-01-27T05:20:13Z,k-pop,SM Entertainment,0.82,0.852,11,-2.567,0,0.166,0.488,0.00000594,0.0907,0.82,109.036,4
spotify:track:2GyZkPeiJXXBqYY1ddtsjk,Dreams Come True,Girls - The 2nd Mini Album,aespa,7/8/2022,204933,56,FALSE,dxgbydtxj4ernrimisfdo7p0h,2023-01-15T16:20:00Z,k-pop,SM Entertainment / Warner Records,0.684,0.912,0,-0.205,1,0.0639,0.0762,0,0.304,0.556,98.992,4
spotify:track:4r34Yi0eltsu1tp6z4lq3x,XOXO,XOXO,JEON SOMI,10/29/2021,207650,54,FALSE,dxgbydtxj4ernrimisfdo7p0h,2023-01-15T16:20:04Z,k-pop,THE BLACK LABEL/Interscope Records,0.704,0.608,9,-6.339,1,0.0314,0.0717,0,0.13,0.527,144.959,4
spotify:track:7ypFllJwlotXBJfLjsXhvo,Dear Sputnik,The Chaos Chapter: FREEZE,TOMORROW X TOGETHER,5/31/2021,194912,55,FALSE,dxgbydtxj4ernrimisfdo7p0h,2022-12-01T05:13:57Z,k-pop,Republic Records - TXT,0.529,0.806,0,-3.8,0,0.0364,0.000184,0.00000487,0.27,0.492,125.09,4
spotify:track:1Z8TPHiKeCUyClxV6WTTIf,0X1=LOVESONG (I Know I Love You) feat. Seori,The Chaos Chapter: FREEZE,TOMORROW X TOGETHER;Seori,5/31/2021,202203,69,FALSE,dxgbydtxj4ernrimisfdo7p0h,2022-12-01T05:14:01Z,k-pop,Republic Records - TXT,0.584,0.836,0,-4.925,1,0.079,0.0558,0,0.0663,0.484,104.973,4
spotify:track:1ZPeaPDjQOOC8hw1mNjyjF,Pied Piper,Love Yourself 承 'Her',BTS,9/18/2017,245620,71,FALSE,dxgbydtxj4ernrimisfdo7p0h,2023-01-27T05:20:22Z,k-pop,BIGHIT MUSIC,0.583,0.712,2,-4.942,0,0.0326,0.2,0,0.268,0.778,94.051,4
spotify:track:69WpV0U7OMNFGyq8I63dcC,Given-Taken,BORDER : DAY ONE,ENHYPEN,11/30/2020,183090,71,FALSE,dxgbydtxj4ernrimisfdo7p0h,2023-01-15T16:20:10Z,k-pop,BELIFT LAB,0.631,0.649,8,-4.939,0,0.0377,0.17,0,0.321,0.459,108.07,4
spotify:track:2ecGP5xUE5126x6yHa7J6E,Can't You See Me?,The Dream Chapter: ETERNITY,TOMORROW X TOGETHER,5/18/2020,201445,59,FALSE,dxgbydtxj4ernrimisfdo7p0h,2023-01-15T16:20:16Z,k-pop,Republic Records - TXT,0.59,0.818,9,-2.988,0,0.0771,0.0584,0,0.205,0.664,139.925,4
spotify:track:2xtP8RNbo2BEMzLX7tK7aq,CRY FOR ME,CRY FOR ME,TWICE,12/18/2020,204167,69,FALSE,dxgbydtxj4ernrimisfdo7p0h,2023-01-15T16:20:21Z,k-pop,Republic Records - TWICE,0.702,0.692,10,-5.405,1,0.0539,0.0542,0,0.0877,0.419,144.896,4
spotify:track:18W2OWFsdGCjG7iA4iYpMw,Into the I-LAND,Into the I-LAND,I-LAND,6/26/2020,217322,61,FALSE,dxgbydtxj4ernrimisfdo7p0h,2023-01-15T16:20:14Z,k-pop,Genie Music Corporation,0.522,0.916,1,-4.766,1,0.0786,0.016,0,0.149,0.549,122.046,4
spotify:track:44tTqUi3xi7E28QLzHVdUA,Anti-Romantic,The Chaos Chapter: FREEZE,TOMORROW X TOGETHER,5/31/2021,215188,61,FALSE,dxgbydtxj4ernrimisfdo7p0h,2022-12-01T05:14:03Z,k-pop,Republic Records - TXT,0.641,0.489,0,-8.668,0,0.11,0.0509,0,0.071,0.206,142.977,4
spotify:track:0Q5VnK2DYzRyfqQRJuUtvi,LOVE DIVE,LOVE DIVE,IVE,4/5/2022,177186,71,FALSE,dxgbydtxj4ernrimisfdo7p0h,2022-12-01T05:14:08Z,k-pop,STARSHIP Entertainment,0.703,0.709,1,-4.169,0,0.0433,0.00379,0.0000543,0.333,0.538,117.941,4
spotify:track:56s2s5e8WuBsWVKnmz6J9L,BEAUTIFUL MONSTER,WE NEED LOVE,STAYC,7/19/2022,180000,52,FALSE,dxgbydtxj4ernrimisfdo7p0h,2023-01-27T05:20:29Z,k-pop,High Up Entertainment,0.594,0.647,6,-4.347,1,0.0834,0.121,0,0.352,0.511,82.321,4
spotify:track:1oen3GpTcA486fTHaT7neg,FOREVER 1,FOREVER 1 - The 7th Album,Girls' Generation,8/5/2022,202533,58,FALSE,dxgbydtxj4ernrimisfdo7p0h,2023-01-27T05:20:32Z,k-pop,SM Entertainment,0.615,0.871,9,-1.248,1,0.0516,0.0427,0,0.254,0.297,123.915,4
spotify:track:396FqjKmViUZ92Wmm4rx3i,Illusion,Girls - The 2nd Mini Album,aespa,7/8/2022,195053,61,FALSE,dxgbydtxj4ernrimisfdo7p0h,2023-01-27T05:20:34Z,k-pop,SM Entertainment / Warner Records,0.75,0.718,2,-2.817,0,0.0468,0.0814,0.0000175,0.322,0.592,90.027,4
spotify:track:5zwwW9Oq7ubSxoCGyW1nbY,Pink Venom,BORN PINK,BLACKPINK,9/15/2022,186964,74,FALSE,dxgbydtxj4ernrimisfdo7p0h,2023-01-27T05:20:39Z,k-pop,YG Entertainment/Interscope Records,0.684,0.751,4,-6.22,1,0.172,0.0126,0,0.189,0.747,180.054,4
spotify:track:0RDqNCRBGrSegk16Avfzuq,Talk that Talk,BETWEEN 1&2,TWICE,8/26/2022,177466,68,FALSE,dxgbydtxj4ernrimisfdo7p0h,2023-01-27T05:20:42Z,k-pop,Republic Records - TWICE,0.772,0.907,3,-2.438,0,0.124,0.136,0,0.334,0.783,119.973,4
spotify:track:65FftemJ1DbbZ45DUfHJXE,OMG,NewJeans 'OMG',NewJeans,1/2/2023,212253,79,FALSE,dxgbydtxj4ernrimisfdo7p0h,2023-01-27T05:20:45Z,k-pop,ADOR,0.804,0.771,9,-4.067,0,0.0433,0.357,0.00000307,0.108,0.739,126.956,4
spotify:track:5BXr7hYZQOeRttkeWYTq5S,ASAP,STAYDOM,STAYC,4/8/2021,194080,61,FALSE,dxgbydtxj4ernrimisfdo7p0h,2023-01-15T16:20:13Z,k-pop,High Up Entertainment,0.764,0.802,0,-4.217,1,0.0351,0.102,0,0.189,0.323,132.02,4
spotify:track:7n2FZQsaLb7ZRfRPfEeIvr,ELEVEN,ELEVEN,IVE,12/1/2021,178453,68,FALSE,dxgbydtxj4ernrimisfdo7p0h,2022-12-01T05:14:10Z,k-pop,STARSHIP Entertainment,0.828,0.731,9,-3.033,1,0.111,0.0617,0,0.048,0.587,119.978,4
spotify:track:0Vu5tjvXZX3qtzRiezxLi1,Pirate,Return of The Girl,EVERGLOW,12/1/2021,210013,54,FALSE,dxgbydtxj4ernrimisfdo7p0h,2023-01-27T05:20:50Z,"k-pop,noise music","Genie Music Corporation, Stone Music Entertainment",0.683,0.685,7,-5.381,1,0.0425,0.00195,0,0.0582,0.381,129.993,4
spotify:track:0LMdtBOxbVgrYoA4n0Vwvv,ROYAL,LOVE DIVE,IVE,4/5/2022,206226,54,FALSE,dxgbydtxj4ernrimisfdo7p0h,2022-12-01T05:14:12Z,k-pop,STARSHIP Entertainment,0.796,0.85,1,-2.987,1,0.102,0.0905,0.00000339,0.205,0.47,109.922,4
spotify:track:3Yp61j6axuQe4nxYWvbOXy,Frost,The Chaos Chapter: FREEZE,TOMORROW X TOGETHER,5/31/2021,194771,55,FALSE,dxgbydtxj4ernrimisfdo7p0h,2022-12-01T05:14:28Z,k-pop,Republic Records - TXT,0.776,0.746,5,-5.528,0,0.0532,0.00551,0,0.382,0.581,96.004,4
spotify:track:15Ocew2xtUZAtviIClOaPt,Magic,The Chaos Chapter: FIGHT OR ESCAPE,TOMORROW X TOGETHER,8/17/2021,159749,47,FALSE,dxgbydtxj4ernrimisfdo7p0h,2022-12-01T05:14:51Z,k-pop,Republic Records - TXT,0.681,0.88,8,-4.819,1,0.421,0.00303,0,0.32,0.506,108.087,4
spotify:track:1wcr8DjnN59Awev8nnKpQ4,Drunk-Dazed,BORDER : CARNIVAL,ENHYPEN,4/26/2021,193260,76,FALSE,dxgbydtxj4ernrimisfdo7p0h,2022-12-01T05:28:04Z,k-pop,BELIFT LAB,0.599,0.869,5,-5.174,0,0.0618,0.000707,0,0.0911,0.453,132.889,4
spotify:track:296nXCOv97WJNRWzIBQnoj,FEARLESS,FEARLESS,LE SSERAFIM,5/2/2022,168437,70,FALSE,dxgbydtxj4ernrimisfdo7p0h,2023-01-27T05:21:01Z,k-pop,SOURCE MUSIC,0.863,0.62,7,-7.167,1,0.135,0.0508,0.00324,0.129,0.432,103.971,4
spotify:track:21aOLk12MksET8AsbU0SI6,LO$ER=LO♡ER,The Chaos Chapter: FIGHT OR ESCAPE,TOMORROW X TOGETHER,8/17/2021,199919,68,FALSE,dxgbydtxj4ernrimisfdo7p0h,2022-12-01T05:28:06Z,k-pop,Republic Records - TXT,0.644,0.867,11,-4.18,0,0.0383,0.001,0,0.105,0.687,124.997,4
spotify:track:1zoyteFQmeUUqyOl2Xznpy,Tamed-Dashed,DIMENSION : DILEMMA,ENHYPEN,10/12/2021,196170,64,FALSE,dxgbydtxj4ernrimisfdo7p0h,2022-12-01T05:28:10Z,k-pop,BELIFT LAB,0.568,0.809,11,-3.869,0,0.0517,0.000253,0.0000333,0.151,0.709,155.029,4
spotify:track:6IqKFke4ZhKbGYULllEezY,Go Big or Go Home,DIMENSION : DILEMMA,ENHYPEN,10/12/2021,201707,66,FALSE,dxgbydtxj4ernrimisfdo7p0h,2022-12-01T05:28:11Z,k-pop,BELIFT LAB,0.766,0.844,10,-3.993,0,0.0575,0.0502,0,0.269,0.823,122.019,4
spotify:track:0iuZMy88H6vxDA2oaJNhJg,Perfect World,Perfect World,TWICE,7/28/2021,182680,59,FALSE,dxgbydtxj4ernrimisfdo7p0h,2022-12-01T05:28:19Z,k-pop,WM Japan,0.684,0.877,3,-2.322,0,0.0611,0.0477,0,0.344,0.599,134.98,4
spotify:track:3sroak7dIqGRGmC6VQVDtg,Kura Kura,Perfect World,TWICE,7/28/2021,227746,52,FALSE,dxgbydtxj4ernrimisfdo7p0h,2022-12-01T05:28:20Z,k-pop,WM Japan,0.734,0.714,7,-4.351,1,0.0986,0.166,0,0.0648,0.761,130.999,4
spotify:track:1Wrn6btrungVsBjyViLnuY,BETTER,Perfect World,TWICE,7/28/2021,223666,49,FALSE,dxgbydtxj4ernrimisfdo7p0h,2022-12-01T05:28:23Z,k-pop,WM Japan,0.768,0.698,6,-4.712,0,0.046,0.00123,0.00031,0.353,0.584,124.99,4
spotify:track:4aS8OY1JsRSBKGfnAkIOZH,You can't sit with us,6-Jan,SUNMI,8/6/2021,197413,0,FALSE,dxgbydtxj4ernrimisfdo7p0h,2022-12-01T05:28:27Z,k-pop,Abyss Company,0.61,0.761,2,-3.111,0,0.0432,0.0357,0,0.173,0.467,144.852,4
spotify:track:5awNIWVrh2ISfvPd5IUZNh,PTT (Paint The Town),[&],LOONA,6/28/2021,201120,34,FALSE,dxgbydtxj4ernrimisfdo7p0h,2022-12-01T05:28:34Z,k-pop,BlockBerry Creative,0.781,0.814,8,-2.437,1,0.1,0.0735,0.0000192,0.0565,0.546,124.028,4
spotify:track:7muTXW7kGytN3zdomku6FV,TAIL,TAIL,SUNMI,2/23/2021,190960,1,FALSE,dxgbydtxj4ernrimisfdo7p0h,2023-01-27T05:21:08Z,k-pop,Abyss Company,0.515,0.858,9,-3.136,1,0.19,0.0435,0.000018,0.0796,0.428,125.07,4
spotify:track:5zTp64MsWOTdAWWXK7zEPK,Zombie,HIDE & SEEK,PURPLE KISS,9/8/2021,200933,45,FALSE,dxgbydtxj4ernrimisfdo7p0h,2022-12-01T05:28:38Z,k-pop,RBW Inc.,0.736,0.915,6,-1.99,0,0.0766,0.0192,0,0.33,0.831,110.017,4
spotify:track:3gFcGnU4kTdMYLXDjH1TK8,RUN2U,YOUNG-LUV.COM,STAYC,2/21/2022,213426,59,FALSE,dxgbydtxj4ernrimisfdo7p0h,2022-12-01T05:28:51Z,k-pop,High Up Entertainment,0.722,0.676,11,-5.885,0,0.0829,0.000835,0.000012,0.321,0.362,129.943,4
spotify:track:7HGKvoju3ucB7UqVt1GoJu,YOUNG LUV,YOUNG-LUV.COM,STAYC,2/21/2022,206080,52,FALSE,dxgbydtxj4ernrimisfdo7p0h,2022-12-01T05:28:53Z,k-pop,High Up Entertainment,0.695,0.749,7,-4.187,0,0.0277,0.392,0.0000523,0.104,0.458,129.905,4
spotify:track:6GwtJzM3yffZ4FJ39QuUcE,Anymore,XOXO,JEON SOMI,10/29/2021,197701,49,FALSE,dxgbydtxj4ernrimisfdo7p0h,2022-12-01T05:29:01Z,k-pop,THE BLACK LABEL/Interscope Records,0.731,0.549,6,-6.749,0,0.0329,0.0154,0.00000912,0.0825,0.449,137.915,4
spotify:track:13KR2yNRDrbKwR3dOKCDl4,SO BAD,Star To A Young Culture,STAYC,11/12/2020,212264,57,FALSE,dxgbydtxj4ernrimisfdo7p0h,2022-12-01T05:29:07Z,k-pop,High Up Entertainment,0.557,0.906,7,-3.109,0,0.103,0.19,0,0.0616,0.616,168.978,4
spotify:track:2bZIDMpzVooosmPHn0tHnd,STEREOTYPE,STEREOTYPE,STAYC,9/6/2021,191695,59,FALSE,dxgbydtxj4ernrimisfdo7p0h,2022-12-01T05:29:11Z,k-pop,High Up Entertainment,0.605,0.805,6,-3.212,1,0.0641,0.313,0,0.659,0.738,148.298,4
spotify:track:35ylkTvU4CWnQVrYqsp2VQ,After Midnight,SWITCH ON,ASTRO,8/2/2021,190798,45,FALSE,dxgbydtxj4ernrimisfdo7p0h,2023-01-27T05:21:16Z,k-pop,fantagio music,0.672,0.924,5,-4.383,0,0.0823,0.0128,0,0.0821,0.75,117.025,4
spotify:track:3a4VCqofc7Wf7cqfZYu2Ad,Happy Death Day,Happy Death Day,Xdinary Heroes,12/6/2021,220396,0,FALSE,dxgbydtxj4ernrimisfdo7p0h,2022-12-01T05:29:16Z,"k-rock,k-pop,noise music",JYP Entertainment,0.677,0.841,9,-2.97,0,0.0813,0.0243,0,0.16,0.418,130.024,4
spotify:track:3XoYQvTJK5KT0ynrq7mcCN,MOA Diary (Dubaddu Wari Wari),The Chaos Chapter: FIGHT OR ESCAPE,TOMORROW X TOGETHER,8/17/2021,188276,55,FALSE,dxgbydtxj4ernrimisfdo7p0h,2022-12-01T05:29:18Z,k-pop,Republic Records - TXT,0.717,0.893,4,-4.54,1,0.181,0.074,0,0.141,0.575,113.922,4
spotify:track:2gYj9lubBorOPIVWsTXugG,After LIKE,After LIKE,IVE,8/22/2022,176973,71,FALSE,dxgbydtxj4ernrimisfdo7p0h,2022-12-01T05:29:20Z,k-pop,Starship Entertainment,0.68,0.922,0,-1.215,1,0.121,0.103,0,0.0877,0.799,125.014,4
spotify:track:1rqb2FCXVn2HNL1afJEnTr,9 and Three Quarters (Run Away),The Dream Chapter: MAGIC,TOMORROW X TOGETHER,10/21/2019,211866,64,FALSE,dxgbydtxj4ernrimisfdo7p0h,2022-12-02T23:32:02Z,k-pop,Republic Records - TXT,0.639,0.756,1,-4.42,1,0.0606,0.0055,0,0.13,0.531,128.931,4
spotify:track:4O7sUONPtqPBUKXuAMsoak,Can't We Just Leave the Monster Alive?,The Dream Chapter: MAGIC,TOMORROW X TOGETHER,10/21/2019,230040,51,FALSE,dxgbydtxj4ernrimisfdo7p0h,2022-12-02T23:32:12Z,k-pop,Republic Records - TXT,0.732,0.856,0,-4.89,1,0.0736,0.208,0,0.0956,0.655,109.022,4
spotify:track:72rUKYfdSaMVhgUhajRvrX,New Rules,The Dream Chapter: MAGIC,TOMORROW X TOGETHER,10/21/2019,174106,55,FALSE,dxgbydtxj4ernrimisfdo7p0h,2022-12-02T23:43:10Z,k-pop,Republic Records - TXT,0.762,0.791,2,-5.267,1,0.102,0.015,0.00000249,0.312,0.393,120.015,4
spotify:track:4bjfCjLU7FnyaqbB7FPLs9,NO LIE,reminiscence,EVERGLOW,2/3/2020,218373,42,FALSE,dxgbydtxj4ernrimisfdo7p0h,2022-12-08T03:58:07Z,"k-pop,noise music","Genie Music Corporation, Stone Music Entertainment",0.736,0.706,6,-3.506,1,0.0364,0.119,0,0.179,0.484,100.054,4
spotify:track:7iKDsPfLT0d5mu2htfMKBZ,Love To Hate Me,THE ALBUM,BLACKPINK,10/2/2020,171797,63,FALSE,dxgbydtxj4ernrimisfdo7p0h,2022-12-08T04:04:52Z,k-pop,YG Entertainment/Interscope Records,0.686,0.64,8,-5.491,1,0.159,0.0334,0,0.0801,0.597,162.225,4
spotify:track:4Ws314Ylb27BVsvlZOy30C,Lovesick Girls,THE ALBUM,BLACKPINK,10/2/2020,194765,71,FALSE,dxgbydtxj4ernrimisfdo7p0h,2022-12-08T04:04:56Z,k-pop,YG Entertainment/Interscope Records,0.654,0.707,6,-5.661,1,0.0664,0.00559,0,0.0873,0.448,127.97,4
spotify:track:5xrtzzzikpG3BLbo4q1Yul,LILAC,IU 5th Album 'LILAC',IU,3/25/2021,214253,64,FALSE,dxgbydtxj4ernrimisfdo7p0h,2023-01-27T05:21:28Z,"k-pop,k-ballad",EDAM Entertainment,0.738,0.89,2,-2.275,0,0.0748,0.0895,0.00000189,0.213,0.75,114.942,4
spotify:track:39kzWAiVPpycdMpr745oPj,You Never Know,THE ALBUM,BLACKPINK,10/2/2020,231201,59,FALSE,dxgbydtxj4ernrimisfdo7p0h,2022-12-08T04:05:05Z,k-pop,YG Entertainment/Interscope Records,0.477,0.435,5,-6.497,1,0.0523,0.237,0,0.12,0.322,144.144,4
spotify:track:7qq0EOPW4RRlqdvMBmdd73,Crazy Over You,THE ALBUM,BLACKPINK,10/2/2020,163945,63,FALSE,dxgbydtxj4ernrimisfdo7p0h,2022-12-08T04:05:11Z,k-pop,YG Entertainment/Interscope Records,0.804,0.633,4,-6.186,1,0.0612,0.0371,0.000119,0.102,0.67,115.002,4
spotify:track:7uAKsykguOnXZSh0WpOW5z,When We Were Kids,BETWEEN 1&2,TWICE,8/26/2022,189346,47,FALSE,dxgbydtxj4ernrimisfdo7p0h,2022-12-12T00:27:52Z,k-pop,Republic Records - TWICE,0.681,0.659,5,-5.143,1,0.0813,0.34,0,0.109,0.537,136.968,4
spotify:track:5ZwlnR8yGofZ0669mEh8Xm,Celebrate,Celebrate,TWICE,7/15/2022,188433,54,FALSE,dxgbydtxj4ernrimisfdo7p0h,2022-12-12T00:28:00Z,k-pop,WM Japan,0.776,0.89,7,-2.678,1,0.0573,0.0628,0,0.0634,0.864,111.998,4
spotify:track:1QpwvWMQGdOgA8MXXfgs4H,DICE,ENTWURF,NMIXX,9/19/2022,165746,0,FALSE,dxgbydtxj4ernrimisfdo7p0h,2022-12-20T03:24:57Z,k-pop,JYP Entertainment,0.556,0.798,7,-3.331,1,0.254,0.0848,0,0.33,0.628,131.096,4
spotify:track:3PIzRyHtPjKfMr7XjosoVe,All Night,All Light,ASTRO,1/16/2019,223746,51,FALSE,dxgbydtxj4ernrimisfdo7p0h,2022-12-20T03:25:17Z,k-pop,fantagio music,0.57,0.784,11,-4.607,0,0.186,0.241,0,0.106,0.594,150.062,4
spotify:track:4hKhWLyYwCmugcMP8vbr7s,Crazy Sexy Cool,Dream Part.02,ASTRO,11/1/2017,196739,50,FALSE,dxgbydtxj4ernrimisfdo7p0h,2022-12-20T03:25:21Z,k-pop,fantagio music,0.703,0.803,7,-4.082,1,0.214,0.0464,0,0.0954,0.391,104.705,4
spotify:track:41Wg6sfs5kregMev2fjlZu,1 In A Million,All Light,ASTRO,1/16/2019,185822,41,FALSE,dxgbydtxj4ernrimisfdo7p0h,2022-12-20T03:25:30Z,k-pop,fantagio music,0.714,0.829,0,-4.346,1,0.0516,0.2,0,0.16,0.628,118.011,4
spotify:track:2gFROeBaFVekzoNKWlHr83,Butterfly Effect,All Yours,ASTRO,4/5/2021,214880,34,FALSE,dxgbydtxj4ernrimisfdo7p0h,2022-12-20T03:26:00Z,k-pop,fantagio music,0.665,0.767,8,-2.769,1,0.0917,0.43,0,0.325,0.68,109.958,4
spotify:track:0z8vXXoYWOS92B4eQP7o7u,Someone Else,All Yours,ASTRO,4/5/2021,197373,30,FALSE,dxgbydtxj4ernrimisfdo7p0h,2022-12-20T03:26:05Z,k-pop,fantagio music,0.744,0.795,8,-2.721,1,0.0394,0.0493,0,0.0761,0.73,94.063,4
spotify:track:0z1FysQ4Iv9LdhCOJIYU5a,MY ZONE,SWITCH ON,ASTRO,8/2/2021,189306,37,FALSE,dxgbydtxj4ernrimisfdo7p0h,2022-12-20T03:26:24Z,k-pop,fantagio music,0.775,0.822,2,-3.755,0,0.194,0.0631,0,0.0602,0.662,123.897,4
spotify:track:6RiXpt8IPzDbRZ1v7KeDsf,Footprint,SWITCH ON,ASTRO,8/2/2021,192080,38,FALSE,dxgbydtxj4ernrimisfdo7p0h,2022-12-20T03:26:31Z,k-pop,fantagio music,0.691,0.859,7,-4.244,1,0.0485,0.217,0,0.224,0.733,117.968,4
spotify:track:4fsQ0K37TOXa3hEQfjEic1,ANTIFRAGILE,ANTIFRAGILE,LE SSERAFIM,10/17/2022,184444,70,FALSE,dxgbydtxj4ernrimisfdo7p0h,2023-01-27T05:21:35Z,k-pop,SOURCE MUSIC,0.882,0.797,10,-3.299,0,0.0819,0.0821,0,0.113,0.824,105.025,4
spotify:track:3r8RuvgbX9s7ammBn07D3W,Ditto,Ditto,NewJeans,12/19/2022,185506,80,FALSE,dxgbydtxj4ernrimisfdo7p0h,2023-01-27T05:21:39Z,k-pop,ADOR,0.814,0.641,6,-5.957,0,0.111,0.027,0,0.0993,0.183,133.854,4
spotify:track:7ixVW7RobslvMrvlzHYLha,Cheshire,CHESHIRE,ITZY,11/30/2022,182453,59,FALSE,dxgbydtxj4ernrimisfdo7p0h,2023-01-27T05:21:45Z,k-pop,Republic Records - ITZY,0.79,0.838,7,-3.183,1,0.0501,0.332,0.00000707,0.357,0.738,98.966,4
spotify:track:0FE52ZIyFWOJQt1Hj9zxhM,SOMEBODY LIKE,GATEWAY,ASTRO,5/4/2020,187893,33,FALSE,dxgbydtxj4ernrimisfdo7p0h,2022-12-20T03:26:40Z,k-pop,fantagio music,0.764,0.784,7,-3.086,0,0.0919,0.107,0,0.0369,0.839,106.963,4
spotify:track:34mZHfBXMyJY9iYP6cz9x2,Lights On,GATEWAY,ASTRO,5/4/2020,204253,31,FALSE,dxgbydtxj4ernrimisfdo7p0h,2022-12-20T03:26:44Z,k-pop,fantagio music,0.615,0.898,0,-3.156,1,0.183,0.151,0,0.217,0.615,155.86,4
spotify:track:09ZDPL4NSDNxfIic9gPnCn,I Don't Know You Anymore,There And Back Again,Eric Nam,1/7/2022,166333,46,FALSE,dxgbydtxj4ernrimisfdo7p0h,2022-12-20T03:27:48Z,k-pop,"The Eric Nam Company, Inc.",0.655,0.731,0,-5.154,0,0.0648,0.106,0,0.127,0.47,101.978,4
spotify:track:3VrAQzhFpUX0RGRqcOATd0,You're Sexy I'm Sexy,Before We Begin,Eric Nam,11/14/2019,187200,42,FALSE,dxgbydtxj4ernrimisfdo7p0h,2022-12-20T03:28:22Z,k-pop,Genie Music Corporation,0.812,0.721,11,-4.547,0,0.0766,0.111,0,0.0917,0.83,109.971,4
spotify:track:30lMBHYhUC2uJULakGPtkf,Don't Call Me,Honestly,Eric Nam,4/11/2018,203841,30,FALSE,dxgbydtxj4ernrimisfdo7p0h,2022-12-20T03:29:00Z,k-pop,CJ E&M,0.842,0.581,11,-6.178,0,0.222,0.234,0,0.184,0.751,124.067,4
spotify:track:0u2P5u6lvoDfwTYjAADbn4,lovely (with Khalid),lovely (with Khalid),Billie Eilish;Khalid,4/19/2018,200185,88,FALSE,dxgbydtxj4ernrimisfdo7p0h,2022-12-20T03:30:04Z,,Darkroom,0.351,0.296,4,-10.109,0,0.0333,0.934,0,0.095,0.12,115.284,4
spotify:track:1zwMYTA5nlNjZxYrvBB2pV,Someone Like You,21,Adele,1/24/2011,285240,79,FALSE,dxgbydtxj4ernrimisfdo7p0h,2022-12-20T03:31:06Z,soft pop,XL Recordings,0.556,0.319,9,-8.251,1,0.0281,0.893,0,0.0996,0.294,135.187,4
spotify:track:0rhI6gvOeCKA502RdJAbfs,Sugar Rush Ride,The Name Chapter: TEMPTATION,TOMORROW X TOGETHER,1/27/2023,186570,67,FALSE,dxgbydtxj4ernrimisfdo7p0h,2023-01-27T05:19:21Z,k-pop,Republic Records - TXT,0.712,0.893,10,-3.995,0,0.0851,0.00788,0,0.169,0.828,125.022,4
spotify:track:53H3sGmqiXWO4MwuZAJfyn,Devil by the Window,The Name Chapter: TEMPTATION,TOMORROW X TOGETHER,1/27/2023,186471,61,FALSE,dxgbydtxj4ernrimisfdo7p0h,2023-01-27T13:41:40Z,k-pop,Republic Records - TXT,0.536,0.596,6,-5.799,0,0.0984,0.0592,0.0000066,0.116,0.643,133.995,4
spotify:track:6LnEoRQKMcaFTR5UvaKuBy,Rock with you,SEVENTEEN 9th Mini Album 'Attacca',SEVENTEEN,10/22/2021,180360,69,FALSE,dxgbydtxj4ernrimisfdo7p0h,2023-01-31T23:11:25Z,k-pop,PLEDIS Entertainment,0.621,0.816,11,-5.242,1,0.104,0.0966,0,0.134,0.694,163.966,4
spotify:track:5TyCTVsBsHeeutZcU2uP5s,Home,SEVENTEEN 6TH MINI ALBUM 'YOU MADE MY DAWN',SEVENTEEN,1/21/2019,203731,0,FALSE,dxgbydtxj4ernrimisfdo7p0h,2023-02-18T16:41:32Z,k-pop,PLEDIS ENTERTAINMENT,0.741,0.547,9,-5.029,1,0.253,0.427,0,0.0931,0.615,87.977,4
spotify:track:6Upu6yjkdi0DVI8E3IBZEU,Don't Wanna Cry,SEVENTEEN 4th Mini Album ‘Al1’,SEVENTEEN,5/22/2017,203426,63,FALSE,dxgbydtxj4ernrimisfdo7p0h,2023-02-18T16:41:37Z,k-pop,PLEDIS ENTERTAINMENT,0.781,0.683,0,-4.258,1,0.0325,0.164,0.00000153,0.16,0.722,100.005,4
spotify:track:19WBBlTBTcgNGYBbY6HZB6,Tick Tick Boom,Day&Night,CLASS:y,10/26/2022,179520,40,FALSE,dxgbydtxj4ernrimisfdo7p0h,2023-02-19T16:31:43Z,k-pop,M25,0.767,0.797,10,-3.06,0,0.0369,0.16,0.00122,0.294,0.874,99.998,4
spotify:track:3QjEH4qz8mZEe5mwpxTequ,Lovin' Me,THE FIFTY,FIFTY FIFTY,11/18/2022,189533,0,FALSE,dxgbydtxj4ernrimisfdo7p0h,2023-02-19T16:32:04Z,k-pop,ATTRAKT,0.616,0.597,8,-6.768,1,0.362,0.71,0.0000238,0.104,0.6,170.855,4
spotify:track:2th6UWbfVz3hsSDzQAKqy2,Sweet Juice,Cabin Fever,PURPLE KISS,2/15/2023,192653,50,FALSE,dxgbydtxj4ernrimisfdo7p0h,2023-03-15T02:15:45Z,k-pop,RBW Inc.,0.705,0.709,6,-2.871,1,0.0372,0.031,0,0.48,0.723,116.012,4
spotify:track:6KExHY2Eo0DphK63s2dfYi,Nerdy,Geekyland,PURPLE KISS,7/25/2022,178346,44,FALSE,dxgbydtxj4ernrimisfdo7p0h,2023-03-15T02:15:49Z,k-pop,RBW Inc.,0.732,0.797,7,-2.471,0,0.0931,0.0232,0,0.152,0.728,136.083,4
spotify:track:0AM8lPGURJy8yBQ0tlhlOI,Autopilot,Cabin Fever,PURPLE KISS,2/15/2023,179386,41,FALSE,dxgbydtxj4ernrimisfdo7p0h,2023-03-15T02:15:54Z,k-pop,RBW Inc.,0.527,0.823,6,-2.141,1,0.145,0.0859,0,0.0998,0.637,159.949,4
spotify:track:69CrOS7vEHIrhC2ILyEi0s,FLOWER,ME,JISOO,3/31/2023,173134,68,FALSE,dxgbydtxj4ernrimisfdo7p0h,2023-04-02T03:18:12Z,k-pop,YG Entertainment/Interscope Records,0.843,0.389,9,-7.669,0,0.036,0.0316,0.0000062,0.0982,0.639,123.956,4
spotify:track:3QD0Y1tTngihByjdWC99lG,Killing Me,Killing Me,CHUNG HA,11/29/2021,164053,0,FALSE,dxgbydtxj4ernrimisfdo7p0h,2023-04-04T22:20:28Z,,MNH ENTERTAINMENT,0.722,0.851,10,-2.589,1,0.264,0.35,0,0.0661,0.763,122.012,4
spotify:track:21aIsunB7PfZI0vlIoaJPh,Bonnie & Clyde,A Page,YUQI,5/13/2021,174639,56,FALSE,dxgbydtxj4ernrimisfdo7p0h,2023-04-04T22:20:40Z,k-pop,Universal Music LLC,0.682,0.811,5,-4.77,0,0.038,0.204,0,0.0928,0.806,137.873,4
spotify:track:2FymmKBuog0loCuNXMwQID,Ready to love,SEVENTEEN 8th Mini Album 'Your Choice',SEVENTEEN,6/18/2021,186760,59,FALSE,dxgbydtxj4ernrimisfdo7p0h,2023-04-04T22:20:42Z,k-pop,PLEDIS Entertainment,0.668,0.705,9,-5.731,0,0.0356,0.0274,0,0.215,0.549,129.984,4
spotify:track:7rXcCpIAoOUCydkVDMcoPV,INVU,INVU - The 3rd Album,TAEYEON,2/14/2022,204973,61,FALSE,dxgbydtxj4ernrimisfdo7p0h,2023-04-04T22:20:46Z,"k-pop,k-ballad",SM Entertainment,0.599,0.816,11,-3.412,0,0.0556,0.0911,0.00000217,0.0961,0.399,106.962,4
spotify:track:3MJhPqL2IgGs7gHEB2M35q,Hard to Love,BORN PINK,BLACKPINK,9/16/2022,162569,63,TRUE,dxgbydtxj4ernrimisfdo7p0h,2023-04-04T22:21:01Z,k-pop,YG Entertainment/Interscope Records,0.653,0.765,5,-5.026,1,0.0442,0.00532,0,0.181,0.461,104.993,4
spotify:track:7xNCacksfUkYXsXuSW4vNF,PS5 (with TOMORROW X TOGETHER & Alan Walker),PS5 (with TOMORROW X TOGETHER & Alan Walker),salem ilese;TOMORROW X TOGETHER;Alan Walker,2/23/2022,152214,0,FALSE,dxgbydtxj4ernrimisfdo7p0h,2023-04-04T22:21:06Z,k-pop,HomeMade Projects / 10K Projects,0.602,0.642,2,-5.404,0,0.211,0.0131,0.00000533,0.0668,0.54,175.978,4
spotify:track:1exxGxUMlJWD1h9YcE9YZH,Opening Sequence,minisode 2: Thursday's Child,TOMORROW X TOGETHER,5/9/2022,177976,62,FALSE,dxgbydtxj4ernrimisfdo7p0h,2023-04-04T22:21:17Z,k-pop,Republic Records - TXT,0.609,0.64,3,-5.61,0,0.0539,0.167,0,0.0959,0.442,145.199,4
spotify:track:5Av4jZOAbtY8STz7KPsNDB,Break My Heart Myself (feat. YEJI & RYUJIN of ITZY),Break My Heart Myself (feat. YEJI & RYUJIN of ITZY),Bebe Rexha;ITZY;YEJI & RYUJIN of ITZY,7/29/2022,162273,49,FALSE,dxgbydtxj4ernrimisfdo7p0h,2023-04-04T22:21:26Z,k-pop,Warner Records,0.771,0.842,1,-4.446,0,0.0659,0.297,0,0.121,0.572,104.958,4
spotify:track:7F9HWeJf4BTUzpj3B0CQKT,Love me or Leave me,The Book of Us: The Demon,DAY6,5/11/2020,222765,0,FALSE,dxgbydtxj4ernrimisfdo7p0h,2023-04-04T22:21:39Z,"k-rock,k-pop",JYP Entertainment,0.618,0.899,6,-3.364,0,0.0328,0.00085,0,0.124,0.58,126.012,4
spotify:track:6I2tqFhk8tq69iursYxuxd,HOT,SEVENTEEN 4th Album 'Face the Sun',SEVENTEEN,5/27/2022,197586,69,FALSE,dxgbydtxj4ernrimisfdo7p0h,2023-04-04T22:21:41Z,k-pop,PLEDIS Entertainment,0.765,0.777,5,-4.376,0,0.0399,0.0539,0.00000258,0.338,0.64,111.944,4
spotify:track:4OelNEcxPGoCOU29fchcsv,MASCARA,MASCARA,XG,6/29/2022,191439,63,FALSE,dxgbydtxj4ernrimisfdo7p0h,2023-04-04T22:21:43Z,k-pop,XGALX,0.794,0.877,9,-3.608,0,0.0827,0.0482,0.00000199,0.241,0.506,119.013,4
spotify:track:1Wwh6gmMeolwzbRzfZMY5b,Ready For Love,BORN PINK,BLACKPINK,9/15/2022,184677,56,FALSE,dxgbydtxj4ernrimisfdo7p0h,2023-04-04T22:22:17Z,k-pop,YG Entertainment/Interscope Records,0.568,0.727,6,-5.512,1,0.106,0.0133,0,0.118,0.552,107.564,4
spotify:track:59qDYPZPkMPl8qSYRig1xn,"Attention, please!",DIMENSION : DILEMMA,ENHYPEN,10/12/2021,167594,56,FALSE,dxgbydtxj4ernrimisfdo7p0h,2023-04-04T22:22:42Z,k-pop,BELIFT LAB,0.498,0.871,2,-4.593,0,0.0494,0.000483,0,0.279,0.613,150.035,4
spotify:track:1lb61ya67YS87CtjYN0bil,No Rules,The Chaos Chapter: FREEZE,TOMORROW X TOGETHER,5/31/2021,186076,58,FALSE,dxgbydtxj4ernrimisfdo7p0h,2023-04-04T22:23:28Z,k-pop,Republic Records - TXT,0.747,0.736,5,-4.636,0,0.0544,0.00158,0.000033,0.214,0.703,120.03,4
spotify:track:767gRjedAWnbUer6ARRS8d,Candy Sugar Pop,Drive to the Starry Road,ASTRO,5/16/2022,169253,51,FALSE,dxgbydtxj4ernrimisfdo7p0h,2023-04-06T22:13:13Z,k-pop,Fantagio,0.802,0.927,1,-2.131,0,0.123,0.182,0,0.364,0.902,115.042,4
spotify:track:29raY8KmcBzCgCtJ3xtd5R,SuMMer RaiN,Geekyland,PURPLE KISS,7/25/2022,177186,32,FALSE,dxgbydtxj4ernrimisfdo7p0h,2023-04-07T01:54:36Z,k-pop,RBW Inc.,0.707,0.788,1,-2.964,0,0.0554,0.39,0,0.1,0.308,162.018,4
spotify:track:2wsRZURBbDbaQUuVT9piu1,Mine,I've IVE,IVE,4/10/2023,190426,51,FALSE,dxgbydtxj4ernrimisfdo7p0h,2023-04-11T13:33:12Z,k-pop,Starship Entertainment,0.547,0.677,4,-5.663,1,0.42,0.0224,0,0.123,0.571,128.711,4
spotify:track:70t7Q6AYG6ZgTYmJWcnkUM,I AM,I've IVE,IVE,4/10/2023,183853,74,FALSE,dxgbydtxj4ernrimisfdo7p0h,2023-04-11T13:33:19Z,k-pop,Starship Entertainment,0.683,0.875,4,-4.866,0,0.0549,0.0115,0,0.084,0.384,122.002,4
spotify:track:7foeH2Emgq8A3LWk3q6dat,Kitsch,I've IVE,IVE,4/10/2023,195440,64,FALSE,dxgbydtxj4ernrimisfdo7p0h,2023-04-11T13:33:23Z,k-pop,Starship Entertainment,0.8,0.792,11,-4.953,1,0.0529,0.0119,0.00000111,0.0495,0.455,102,4
spotify:track:171vXOYrexGMVNEMA5rs00,Heroine,I've IVE,IVE,4/10/2023,171466,48,FALSE,dxgbydtxj4ernrimisfdo7p0h,2023-04-11T18:47:09Z,k-pop,Starship Entertainment,0.834,0.68,8,-6.444,1,0.0683,0.0748,0.00000764,0.163,0.873,146.018,4
spotify:track:6EGkbPJrb88STcdfMu1j1y,WALLFLOWER,READY TO BE,TWICE,3/10/2023,176066,50,FALSE,dxgbydtxj4ernrimisfdo7p0h,2023-04-16T23:38:44Z,k-pop,Republic Records - TWICE,0.797,0.838,10,-3.111,0,0.0617,0.294,0.00000102,0.112,0.648,111.999,4
spotify:track:5Wll1i0Y8GGjyePcP83L3x,Feelin' Like,IN:VITE U,PENTAGON,1/24/2022,167213,0,FALSE,dxgbydtxj4ernrimisfdo7p0h,2023-04-24T14:20:57Z,k-pop,Cube Entertainment,0.868,0.682,11,-4.887,0,0.353,0.0504,0,0.0665,0.861,111.973,4
spotify:track:3AOf6YEpxQ894FmrwI9k96,Super,SEVENTEEN 10th Mini Album 'FML',SEVENTEEN,4/24/2023,200386,66,FALSE,dxgbydtxj4ernrimisfdo7p0h,2023-04-28T13:29:39Z,k-pop,PLEDIS Entertainment,0.771,0.88,8,-4.091,1,0.0857,0.162,0.00000141,0.167,0.347,137.018,4
spotify:track:2j1Es5qEl4pD8GEe2WsYgP,Darl+ing,SEVENTEEN 4th Album 'Face the Sun',SEVENTEEN,5/27/2022,176560,64,FALSE,dxgbydtxj4ernrimisfdo7p0h,2023-04-28T13:29:49Z,k-pop,PLEDIS Entertainment,0.519,0.695,0,-4.861,1,0.0812,0.299,0,0.43,0.515,95.384,4
spotify:track:3tgWMPOY4stCdKYj5NjrAe,F*ck My Life,SEVENTEEN 10th Mini Album 'FML',SEVENTEEN,4/24/2023,202280,58,FALSE,dxgbydtxj4ernrimisfdo7p0h,2023-04-28T13:29:57Z,k-pop,PLEDIS Entertainment,0.736,0.685,5,-4.762,1,0.0604,0.0849,0,0.0955,0.857,80.022,4
spotify:track:6tAPw1Rtt3SGEOm6ohYi8l,7PM (Feat. Peder Elias),BSS 1st Single Album 'SECOND WIND',BSS;Peder Elias,2/6/2023,195133,61,FALSE,dxgbydtxj4ernrimisfdo7p0h,2023-04-28T13:30:09Z,"k-pop,norwegian pop",PLEDIS Entertainment,0.833,0.555,8,-5.18,1,0.0566,0.0354,0,0.113,0.731,120.006,4
spotify:track:6qVqWJxIpsabUKBILG7d6N,Welcome To MY World (feat. nævis),Welcome To MY World (feat. nævis),aespa;nævis,5/2/2023,206920,53,FALSE,dxgbydtxj4ernrimisfdo7p0h,2023-05-02T22:41:24Z,k-pop,SM Entertainment / Warner Records,0.598,0.836,7,-1.694,1,0.0304,0.185,0,0.292,0.37,152.009,4
spotify:track:6DSGb5CmwHX4pvclq8HUU1,No-Return (Into the unknown),UNFORGIVEN,LE SSERAFIM,5/1/2023,184823,58,FALSE,dxgbydtxj4ernrimisfdo7p0h,2023-05-13T15:54:00Z,k-pop,SOURCE MUSIC,0.753,0.717,7,-4.672,1,0.0593,0.0267,0,0.271,0.948,157.976,4
spotify:track:4QhnNyKDsAkXPwHkSnuc89,"Eve, Psyche & The Bluebeard’s wife",UNFORGIVEN,LE SSERAFIM,5/1/2023,185538,73,FALSE,dxgbydtxj4ernrimisfdo7p0h,2023-05-15T22:52:46Z,k-pop,SOURCE MUSIC,0.663,0.872,11,-5.056,1,0.2,0.0153,0,0.0519,0.626,142.951,4
spotify:track:2dX2W20qzwqM6G910woDKo,Lovers In The Night,Lovers In The Night,Seori,3/18/2021,210546,0,FALSE,dxgbydtxj4ernrimisfdo7p0h,2023-05-18T22:18:46Z,,ATISPAUS/88rising Music,0.776,0.785,9,-4.085,0,0.058,0.295,0.000807,0.169,0.5,98.036,4
spotify:track:7mpdNiaQvygj2rHoxkzMfa,Bite Me,DARK BLOOD,ENHYPEN,5/22/2023,157531,79,FALSE,dxgbydtxj4ernrimisfdo7p0h,2023-05-22T13:16:30Z,k-pop,BELIFT LAB,0.795,0.781,1,-4.647,1,0.141,0.285,0,0.108,0.687,104.972,4
spotify:track:4fg42mtrSFuKQ9NYBboiiN,Lucid,I feel,i-dle,5/15/2023,175826,0,FALSE,dxgbydtxj4ernrimisfdo7p0h,2023-05-24T13:22:02Z,k-pop,Cube Entertainment,0.748,0.779,1,-3.001,1,0.0988,0.197,0,0.126,0.46,124.96,4
spotify:track:4uOBL4DDWWVx4RhYKlPbPC,Queencard,I feel,i-dle,5/15/2023,161240,7,FALSE,dxgbydtxj4ernrimisfdo7p0h,2023-05-27T13:38:11Z,k-pop,Cube Entertainment,0.815,0.834,4,-2.828,0,0.0475,0.0327,0.000268,0.27,0.692,129.989,4
spotify:track:6KiEF5zqzHiFjzdm8gChz7,KNOCK,Over The Moon,LEE CHAE YEON,4/12/2023,173080,55,FALSE,dxgbydtxj4ernrimisfdo7p0h,2023-05-27T13:38:15Z,k-pop,"Genie Music Corporation, Stone Music Entertainment",0.81,0.734,9,-1.784,1,0.035,0.000545,0.00000625,0.055,0.935,138.945,4
spotify:track:5NcLyVjUgG0yfwHgr5t81w,MOONLIGHT SUNRISE,MOONLIGHT SUNRISE,TWICE,1/20/2023,180320,61,FALSE,dxgbydtxj4ernrimisfdo7p0h,2023-05-27T13:38:25Z,k-pop,Republic Records - TWICE,0.749,0.781,1,-3.265,1,0.0578,0.392,0.00000212,0.086,0.606,125.09,4
spotify:track:1RVsbqAP1WFFXPiBXQYIah,GOT THE THRILLS,READY TO BE,TWICE,3/10/2023,173760,48,FALSE,dxgbydtxj4ernrimisfdo7p0h,2023-05-29T21:16:18Z,k-pop,Republic Records - TWICE,0.712,0.924,4,-1.549,0,0.121,0.21,0,0.202,0.73,122.037,4
spotify:track:1o844wI52S3TjXGBwvGcc7,Hold On Tight,Hold On Tight,aespa,3/30/2023,149718,70,FALSE,dxgbydtxj4ernrimisfdo7p0h,2023-05-30T01:31:06Z,k-pop,Parlophone UK,0.586,0.816,7,-6.331,1,0.283,0.0911,0.00000281,0.235,0.265,119.8,4
spotify:track:0L8LOav65XwLjCLS11gNPD,Typa Girl,BORN PINK,BLACKPINK,9/16/2022,179172,68,TRUE,dxgbydtxj4ernrimisfdo7p0h,2023-05-30T22:40:01Z,k-pop,YG Entertainment/Interscope Records,0.918,0.628,2,-6.471,1,0.0841,0.0596,0,0.639,0.518,131.965,4
spotify:track:2e3cJdJ8xWwydl8JIYlCqB,Love Talk - English Version,Love Talk (English Version),WayV,11/5/2019,232150,64,FALSE,dxgbydtxj4ernrimisfdo7p0h,2023-05-30T22:40:10Z,"k-pop,c-pop,noise music",LABEL V,0.751,0.719,6,-5.198,0,0.0373,0.142,0,0.148,0.437,98.01,4
spotify:track:6uy9lTlZ3xaMYQPk6eaJaz,RAINBOW,Feel Special,TWICE,9/23/2019,177080,43,FALSE,dxgbydtxj4ernrimisfdo7p0h,2023-05-31T00:12:03Z,k-pop,Republic Records - TWICE,0.771,0.849,0,-3.586,1,0.129,0.0236,0.00000549,0.144,0.761,133.994,4
spotify:track:58ItBuVuKc03DvqSeZFnH1,Sacrifice (Eat Me Up),DARK BLOOD,ENHYPEN,5/22/2023,202488,66,FALSE,dxgbydtxj4ernrimisfdo7p0h,2023-06-21T23:42:38Z,k-pop,BELIFT LAB,0.536,0.727,0,-4.707,0,0.085,0.444,0,0.102,0.529,68.985,4
spotify:track:2nfluhFVrO5OBXPzRWlwlz,Bills,DARK BLOOD,ENHYPEN,5/22/2023,175752,64,FALSE,dxgbydtxj4ernrimisfdo7p0h,2023-06-21T23:42:50Z,k-pop,BELIFT LAB,0.695,0.579,8,-5.895,1,0.0506,0.0435,0,0.134,0.347,88.98,4
spotify:track:5OehhztxLfJeCxUMbFfPy6,Broken Melodies,Broken Melodies,NCT DREAM,6/19/2023,226160,0,FALSE,dxgbydtxj4ernrimisfdo7p0h,2023-06-30T12:42:11Z,"k-pop,noise music",SM Entertainment,0.577,0.821,1,-2.984,1,0.0492,0.186,0,0.18,0.392,150.023,4
spotify:track:4vTXBC7QOjEbi8DcJvCNE2,JUMP,HARMONY : ALL IN,P1Harmony,6/8/2023,163280,57,FALSE,dxgbydtxj4ernrimisfdo7p0h,2023-06-30T19:28:40Z,"k-pop,noise music",FNC ENTERTAINMENT,0.793,0.672,2,-5.196,1,0.061,0.0343,0,0.1,0.573,121.004,4
spotify:track:5bdmWBCaiaHk2HbqKOXLyJ,Underwater,Lethality,KWON EUNBI,10/12/2022,170600,52,FALSE,dxgbydtxj4ernrimisfdo7p0h,2023-07-03T02:00:54Z,k-pop,Woollim Entertainment,0.751,0.929,10,-1.213,0,0.0585,0.0733,0.0000237,0.0833,0.678,115.018,4
spotify:track:26vtFc2QpDI4yZ69B3qC1i,cut my hair,cut my hair,MICO,11/21/2022,176223,60,FALSE,dxgbydtxj4ernrimisfdo7p0h,2023-07-03T02:14:51Z,,Wasted Years Ltd.,0.705,0.569,1,-8.096,1,0.0534,0.0476,0,0.129,0.866,142.962,4
spotify:track:0LvDfaAwLu83AJunAWa5Mn,Can't get you out of my mind,［Dystopia : Lose Myself］,Dreamcatcher,8/17/2020,223440,0,FALSE,dxgbydtxj4ernrimisfdo7p0h,2023-07-20T23:19:18Z,"k-pop,k-rock",DREAMCATCHER COMPANY,0.701,0.871,11,-3.318,1,0.0353,0.0184,0.0225,0.121,0.56,125.999,4
spotify:track:2LMMPM5a6djUmhoQnjnap2,Pastel,WHEE,Whee In,1/16/2022,142746,39,FALSE,dxgbydtxj4ernrimisfdo7p0h,2023-07-25T02:30:24Z,"k-ballad,k-pop",WM Korea,0.728,0.539,1,-6.294,1,0.216,0.361,0.000179,0.165,0.764,80.253,4
spotify:track:3KxYiSZ4n7ih45JtE2T518,No more drama,BLUE;S,MAMAMOO,11/29/2018,190793,39,FALSE,dxgbydtxj4ernrimisfdo7p0h,2023-07-25T02:32:25Z,k-pop,"RBW, Inc",0.725,0.826,0,-3.588,0,0.0368,0.113,0,0.126,0.424,116.931,4
spotify:track:0WshHwpU5pCZTBURyqauRP,Close to Me (Eng Version),Close to Me,BLACKSWAN,10/14/2021,197946,12,FALSE,dxgbydtxj4ernrimisfdo7p0h,2023-08-29T21:58:19Z,k-pop,㈜디알뮤직,0.737,0.859,5,-1.866,0,0.0616,0.0132,0,0.0918,0.592,125.063,4
spotify:track:7kaFsQygyiCqRboWCXztxZ,Do It Like That,Do It Like That,TOMORROW X TOGETHER;Jonas Brothers,7/7/2023,145065,58,FALSE,dxgbydtxj4ernrimisfdo7p0h,2023-09-02T21:07:17Z,k-pop,Republic Records - TXT,0.772,0.921,5,-3.221,0,0.0531,0.0103,0,0.334,0.842,119.992,4
spotify:track:7KK7A6niqD66y0duJ6iupC,Back for More (with Anitta) (House Remix),Back for More (More Edition),TOMORROW X TOGETHER;Anitta,9/18/2023,139419,29,FALSE,dxgbydtxj4ernrimisfdo7p0h,2023-09-21T21:28:10Z,"k-pop,brazilian pop,funk pop,brazilian funk,funk carioca",Republic Records - TXT,0.752,0.672,11,-5.674,0,0.0442,0.00737,0.00000103,0.0699,0.824,121.934,4
spotify:track:6MSRu5wksC0Esn63XOgmI3,TROUBLE,Target: ME,EVNNE,9/19/2023,206946,50,FALSE,dxgbydtxj4ernrimisfdo7p0h,2023-09-23T17:36:18Z,"k-pop,noise music","Genie Music Corporation, Stone Music Entertainment",0.751,0.903,2,-3.066,1,0.112,0.0194,0,0.0739,0.76,134.963,4
spotify:track:0fkL0fOhEzRK8WFe2ixt2d,Social Path,Social Path,Stray Kids;LiSA,8/30/2023,198786,66,FALSE,dxgbydtxj4ernrimisfdo7p0h,2023-09-23T17:36:35Z,"k-pop,noise music,anime,j-pop,j-rock",Sony Music Labels Inc.,0.562,0.91,11,-3.51,0,0.21,0.0554,0,0.242,0.405,172.013,4
spotify:track:2qWIeuIxVJglnWWsDpyhfU,RINGO,RINGO,ITZY,9/27/2023,209000,50,FALSE,dxgbydtxj4ernrimisfdo7p0h,2023-10-02T03:29:15Z,k-pop,WM Japan,0.78,0.921,4,-2.382,0,0.0796,0.139,0,0.347,0.828,119.998,4
spotify:track:7sDkXyDikXhpRz715MdiEp,PUPPET SHOW,NEW DNA,XG,9/27/2023,199960,63,FALSE,dxgbydtxj4ernrimisfdo7p0h,2023-10-02T03:29:19Z,k-pop,XGALX,0.781,0.611,0,-6.211,1,0.136,0.081,0.0000034,0.208,0.722,149.996,4
spotify:track:6uTPA1xlcsk6dbchB2dhzl,Back for More (with Anitta),Back for More (with Anitta),TOMORROW X TOGETHER;Anitta,9/15/2023,131037,62,FALSE,dxgbydtxj4ernrimisfdo7p0h,2023-10-13T04:11:28Z,"k-pop,brazilian pop,funk pop,brazilian funk,funk carioca",Republic Records - TXT,0.785,0.897,4,-3.447,0,0.158,0.0452,0,0.222,0.891,115.916,4
spotify:track:0f0SbtoKGe41cX5LzlnX6X,Tinnitus (Wanna be a rock),The Name Chapter: TEMPTATION,TOMORROW X TOGETHER,1/27/2023,157261,66,FALSE,dxgbydtxj4ernrimisfdo7p0h,2023-10-13T04:11:51Z,k-pop,Republic Records - TXT,0.9,0.725,5,-6.213,0,0.135,0.179,0.00101,0.0791,0.791,100.015,4
spotify:track:43mnNatwMMydJ4CxMdQVnJ,"Farewell, Neverland",The Name Chapter: TEMPTATION,TOMORROW X TOGETHER,1/27/2023,180676,62,FALSE,dxgbydtxj4ernrimisfdo7p0h,2023-10-13T04:12:10Z,k-pop,Republic Records - TXT,0.615,0.645,1,-5.87,0,0.134,0.357,0,0.113,0.787,167.952,4
spotify:track:1kfpDfQdK7oDxfw4XgSJT1,BLOSSOM,結 -YOU-,ENHYPEN,9/4/2023,236386,49,FALSE,dxgbydtxj4ernrimisfdo7p0h,2023-10-13T04:12:27Z,k-pop,Universal Music LLC,0.603,0.672,1,-4.602,0,0.0428,0.424,0,0.236,0.468,139.837,4
spotify:track:0Eglu3fErlG196PtTwCUPM,CRIMINAL LOVE,CRIMINAL LOVE,ENHYPEN,7/31/2023,215631,68,FALSE,dxgbydtxj4ernrimisfdo7p0h,2023-10-13T04:12:40Z,k-pop,BELIFT LAB,0.603,0.811,2,-3.318,0,0.0379,0.0663,0,0.404,0.549,89.995,3
spotify:track:0iLyNDLTsBkqB8SLAzNGxF,Fate,DARK BLOOD,ENHYPEN,5/22/2023,151669,63,FALSE,dxgbydtxj4ernrimisfdo7p0h,2023-10-13T04:12:47Z,k-pop,BELIFT LAB,0.504,0.741,8,-7.47,1,0.0421,0.0531,0.00000447,0.343,0.486,84.046,3
spotify:track:7nBjhYbLttb9LHZHqNuld5,Chaconne,DARK BLOOD,ENHYPEN,5/22/2023,213705,67,FALSE,dxgbydtxj4ernrimisfdo7p0h,2023-10-13T04:13:04Z,k-pop,BELIFT LAB,0.646,0.644,6,-6.192,0,0.0587,0.0975,0,0.0581,0.462,139.959,4
spotify:track:1RGaIn89VUtXvJCXz1tDNb,Karma,DARK BLOOD,ENHYPEN,5/22/2023,192619,59,FALSE,dxgbydtxj4ernrimisfdo7p0h,2023-10-13T04:13:12Z,k-pop,BELIFT LAB,0.615,0.884,1,-4.983,1,0.0765,0.0955,0,0.0838,0.455,114.063,4
spotify:track:6gcuJpHu0Ey30D5WR76y98,You & Me,JENNIE Special Single [You & Me],JENNIE,10/6/2023,179164,68,FALSE,dxgbydtxj4ernrimisfdo7p0h,2023-10-13T04:13:21Z,k-pop,YG Entertainment/Interscope Records,0.789,0.572,9,-6.227,1,0.0566,0.0155,0.0000206,0.0955,0.561,112.01,4
spotify:track:6zZWoHlF2zNSLUNLvx4GUl,Better Things,Better Things,aespa,8/18/2023,203216,58,FALSE,dxgbydtxj4ernrimisfdo7p0h,2023-10-13T04:13:43Z,k-pop,SM Entertainment / Warner Records,0.782,0.767,0,-5.383,1,0.0529,0.11,0.00323,0.496,0.548,115.027,4
spotify:track:4Cyf87ul1le0xTWRFBoYd7,Killin’ Me Good,ZONE,JIHYO,8/18/2023,185920,62,FALSE,dxgbydtxj4ernrimisfdo7p0h,2023-10-13T04:13:48Z,k-pop,Republic Records – JIHYO (TWICE),0.745,0.918,5,-0.683,1,0.0741,0.204,0,0.0449,0.647,111.966,4
spotify:track:6ezYHltHYhuJckdCsYsRJI,Either Way,Either Way,IVE,9/25/2023,166946,56,FALSE,dxgbydtxj4ernrimisfdo7p0h,2023-10-13T04:14:05Z,k-pop,Starship Entertainment,0.701,0.588,8,-4.059,0,0.0475,0.461,0,0.24,0.394,123.078,4
spotify:track:4iK0QSCW3nmt6bsZtAjzX6,Deep Down,The Name Chapter: FREEFALL,TOMORROW X TOGETHER,10/13/2023,163619,52,FALSE,dxgbydtxj4ernrimisfdo7p0h,2023-10-13T14:52:32Z,k-pop,Republic Records - TXT,0.801,0.471,8,-9.083,1,0.0795,0.0597,0.000253,0.0675,0.41,123.987,4
spotify:track:5EtiQveQFQy0R05hLVDyKv,Fact Check,Fact Check - The 5th Album,NCT 127,10/6/2023,184653,0,FALSE,dxgbydtxj4ernrimisfdo7p0h,2023-10-18T01:46:33Z,"k-pop,noise music",SM Entertainment,0.758,0.908,5,-2.652,0,0.113,0.0768,0,0.257,0.572,130.012,4
spotify:track:60oyvXjv0nwZnRrwZvZqUm,FACE,"NU'EST The First Album ""Re:BIRTH""",NU'EST,7/9/2014,220134,51,FALSE,dxgbydtxj4ernrimisfdo7p0h,2023-11-06T02:05:19Z,k-pop,PLEDIS ENTERTAINMENT,0.789,0.88,0,-3.235,0,0.064,0.0226,0,0.386,0.615,123.97,4
spotify:track:1AbQH7wlRemzyexuO2m3KO,Log in,THE FIFTY,FIFTY FIFTY,11/18/2022,231893,0,FALSE,dxgbydtxj4ernrimisfdo7p0h,2023-11-07T03:17:10Z,k-pop,WM Korea,0.826,0.745,2,-5.481,1,0.249,0.236,0.0000044,0.392,0.395,132.051,4
spotify:track:2YmfV4lAjrAQvuggKCUX6m,Sweet Venom,ORANGE BLOOD,ENHYPEN,11/17/2023,148753,72,FALSE,dxgbydtxj4ernrimisfdo7p0h,2023-11-19T06:53:00Z,k-pop,BELIFT LAB,0.84,0.673,10,-3.685,1,0.0427,0.0426,0,0.0971,0.911,115.004,4
spotify:track:47JqJobasbTT9r0gX8CoE1,Sweet Venom (English Ver.),ORANGE BLOOD,ENHYPEN,11/17/2023,148753,59,FALSE,dxgbydtxj4ernrimisfdo7p0h,2023-11-19T06:53:09Z,k-pop,BELIFT LAB,0.866,0.666,7,-3.757,0,0.0511,0.0458,0.00000583,0.0975,0.905,115.001,4
spotify:track:3v8hC61VqQ95xwBiLg1JPg,Sweet Venom (feat. Bella Poarch),ORANGE BLOOD,ENHYPEN;Bella Poarch,11/17/2023,148753,48,FALSE,dxgbydtxj4ernrimisfdo7p0h,2023-11-19T06:53:14Z,k-pop,BELIFT LAB,0.869,0.675,7,-3.685,0,0.0473,0.0549,0.00000855,0.131,0.896,115.003,4
spotify:track:5Cb3JSisvjlZhjSfYD6d7C,Orange Flower (You Complete Me),ORANGE BLOOD,ENHYPEN,11/17/2023,180285,61,FALSE,dxgbydtxj4ernrimisfdo7p0h,2023-11-22T00:40:24Z,k-pop,BELIFT LAB,0.697,0.691,1,-5.729,1,0.0324,0.165,0,0.134,0.654,125.971,4
spotify:track:6tuTpe37ljVcrJeZAAKBE1,Still Monster,ORANGE BLOOD,ENHYPEN,11/17/2023,186119,66,FALSE,dxgbydtxj4ernrimisfdo7p0h,2023-11-22T00:40:29Z,k-pop,BELIFT LAB,0.7,0.692,9,-4.948,0,0.0434,0.372,0,0.143,0.446,109.988,4
spotify:track:5zyAmGZ6IfotltMUqzMhdg,Blind,ORANGE BLOOD,ENHYPEN,11/17/2023,198232,62,FALSE,dxgbydtxj4ernrimisfdo7p0h,2023-11-22T00:40:34Z,k-pop,BELIFT LAB,0.599,0.873,10,-5.102,0,0.157,0.273,0,0.185,0.491,95.099,4
spotify:track:4W8ixcvNvwWW5cdYSNlsiz,Movie Star,Movie Star,MIJOO,5/17/2023,188426,36,FALSE,dxgbydtxj4ernrimisfdo7p0h,2023-12-02T04:07:32Z,,Antenna,0.734,0.894,6,-2.936,1,0.135,0.0743,0,0.0598,0.749,125.034,4
spotify:track:2HGAKzcfEtMfbM2ssgiKez,ONE MORE TIME,ONE MORE TIME,BBGIRLS,8/3/2023,187826,32,FALSE,dxgbydtxj4ernrimisfdo7p0h,2023-12-15T00:36:37Z,,WM Korea,0.724,0.872,3,-3.552,0,0.0442,0.0218,0,0.0702,0.381,124.059,4
spotify:track:2oTiMjaWKAQEhxo24BRhnQ,Pick Me Up,COSMIC EXPLORER,Perfume,4/6/2016,228800,26,FALSE,dxgbydtxj4ernrimisfdo7p0h,2023-12-21T15:52:32Z,"j-pop,shibuya-kei",Universal Music LLC,0.514,0.975,6,-4.266,0,0.0483,0.0331,0.0416,0.383,0.586,128.015,4
spotify:track:0iCOM7P9YJosI9G6mIvU3K,FLASH,"Perfume The Best ""P Cubed""",Perfume,9/18/2019,277573,45,FALSE,dxgbydtxj4ernrimisfdo7p0h,2023-12-21T15:52:39Z,"j-pop,shibuya-kei",Universal Music LLC,0.516,0.907,10,-2.13,0,0.0641,0.00461,0.000198,0.32,0.487,128.023,4
spotify:track:2qf6RwB0axChZqoS83Adqs,Forbidden Midnight,Forbidden Midnight,iii,11/23/2023,178493,33,FALSE,dxgbydtxj4ernrimisfdo7p0h,2023-12-22T04:09:19Z,,빅오션이엔엠,0.69,0.729,1,-4.678,0,0.0471,0.00944,0,0.129,0.636,127.954,4
spotify:track:6QYYzSQnGyMjcRRy67eYwF,Miss Wanna Die,Miss Wanna Die,JubyPhonic;Master Andross,11/5/2021,203636,61,FALSE,dxgbydtxj4ernrimisfdo7p0h,2023-12-26T01:38:55Z,vocaloid,10 Tail Records,0.63,0.835,9,-4.541,0,0.0291,0.152,0.00000222,0.0952,0.533,132.032,4
spotify:track:0IvAUYGuYwMcLJREtXDxDv,Again,Winter Dream,ASTRO,2/22/2017,216647,42,FALSE,dxgbydtxj4ernrimisfdo7p0h,2024-01-07T02:48:48Z,k-pop,fantagio music,0.62,0.77,7,-4.483,1,0.0415,0.228,0,0.219,0.666,101.944,4
spotify:track:4XnE7ebDofpeBQFHhQ7TbL,Off The Record,I'VE MINE,IVE,10/13/2023,188733,38,FALSE,dxgbydtxj4ernrimisfdo7p0h,2024-01-09T03:19:13Z,k-pop,Sony Music Labels Inc.,0.767,0.745,10,-5.338,1,0.0449,0.101,0,0.192,0.842,107.984,4
spotify:track:7aqsfFKqJFNa2umM4tTLdA,Baddie,I'VE MINE,IVE,10/13/2023,154360,53,FALSE,dxgbydtxj4ernrimisfdo7p0h,2024-01-09T03:19:18Z,k-pop,Sony Music Labels Inc.,0.736,0.678,5,-4.503,1,0.0464,0.0459,0.00000546,0.104,0.757,160.045,4
spotify:track:0Zlo4uGTlUdVnd7X4qJBzc,Holy Moly,I'VE MINE,IVE,10/13/2023,176760,40,FALSE,dxgbydtxj4ernrimisfdo7p0h,2024-01-09T03:19:23Z,k-pop,Sony Music Labels Inc.,0.416,0.79,2,-3.819,1,0.239,0.0299,0.00000141,0.11,0.707,170.579,5
spotify:track:0NXEAi4ZOfx7uMgspnf80o,Either Way,I'VE MINE,IVE,10/13/2023,166946,32,FALSE,dxgbydtxj4ernrimisfdo7p0h,2024-01-09T03:19:28Z,k-pop,Sony Music Labels Inc.,0.701,0.588,8,-4.059,0,0.0475,0.461,0,0.24,0.394,123.078,4
spotify:track:74l5BPqT3RbvADZg63Xz2g,Payback,I'VE MINE,IVE,10/13/2023,188213,38,FALSE,dxgbydtxj4ernrimisfdo7p0h,2024-01-09T03:19:36Z,k-pop,Sony Music Labels Inc.,0.541,0.924,11,-3.661,1,0.182,0.107,0,0.124,0.755,179.859,3
spotify:track:7EHHUyp0NsNSR25snPWW7f,OTT,I'VE MINE,IVE,10/13/2023,157186,41,FALSE,dxgbydtxj4ernrimisfdo7p0h,2024-01-09T03:19:39Z,k-pop,Sony Music Labels Inc.,0.854,0.822,11,-4.703,1,0.0449,0.216,0,0.105,0.827,124.037,4
spotify:track:1GcHl6X26e0GRaut9DkYGW,Get it? Got it? Good (feat. Amber Liu),BEEP BEEP,Jessica;Amber Liu,11/22/2023,198733,33,FALSE,dxgbydtxj4ernrimisfdo7p0h,2024-01-10T23:54:56Z,"k-pop,chinese r&b",WM Korea,0.676,0.671,4,-4.658,0,0.0814,0.0494,0,0.168,0.482,150.926,4
spotify:track:4Eefey3uN90Abhbr47zKmC,WINTER FLOWER(Feat.RM),UNSTABLE MINDSET,Younha;RM,1/6/2020,221133,57,FALSE,dxgbydtxj4ernrimisfdo7p0h,2024-01-11T13:58:23Z,"k-ballad,k-pop,k-rap",C9 ENTERTAINMENT,0.564,0.796,0,-3.698,1,0.0737,0.118,0,0.0938,0.241,95.946,4
spotify:track:1D1ht2QsV755bHDyAUhfqU,LUNA,BLOOD MOON,ONEUS,11/9/2021,199893,29,FALSE,dxgbydtxj4ernrimisfdo7p0h,2024-01-18T22:21:09Z,"k-pop,k-rock,noise music",RBW Inc.,0.591,0.924,9,-2.504,0,0.0915,0.183,0,0.0826,0.668,162.172,4
spotify:track:3UQw1V8gM5YihFDcnjNkWN,WATCH IT,THE BOYZ 2ND ALBUM [PHANTASY] Pt.2 Sixth Sense,THE BOYZ,11/20/2023,179000,50,FALSE,dxgbydtxj4ernrimisfdo7p0h,2024-01-18T22:39:39Z,"k-pop,noise music",Above Music,0.775,0.798,9,-4.618,0,0.158,0.043,0,0.0507,0.327,99.997,4
spotify:track:1ygmHMAn6HYtCrQ4fHqD0x,Flowering,DEAR.,LUCY,5/8/2020,251293,0,FALSE,dxgbydtxj4ernrimisfdo7p0h,2024-01-19T23:59:51Z,k-rock,MYSTIC STORY,0.657,0.698,4,-3.311,1,0.0351,0.446,0.00000227,0.116,0.576,129.938,4
spotify:track:2HQALWSN6IF4BYrSADMJ0w,UNTOUCHABLE,BORN TO BE,ITZY,1/8/2024,194093,61,FALSE,dxgbydtxj4ernrimisfdo7p0h,2024-01-21T22:14:34Z,k-pop,Republic Records - ITZY,0.762,0.9,0,-3.257,0,0.127,0.221,0,0.0837,0.674,105.01,4
spotify:track:4oZkVOalwc8i2kv7JesD1o,Got You,It's Okay to Not Be Okay (Original Television Soundtrack) Special Track vol.1,GA EUN,7/11/2020,193960,36,FALSE,dxgbydtxj4ernrimisfdo7p0h,2024-02-06T04:38:34Z,soundtrack,MOST CONTENTS,0.695,0.52,9,-6.899,0,0.0354,0.763,0.0000776,0.16,0.252,119.922,4
spotify:track:1bOS0JdXxmTWwlUxXX7gRG,Last Dance,"love you more,",YOUHA,8/25/2022,192226,44,FALSE,dxgbydtxj4ernrimisfdo7p0h,2024-02-20T02:48:44Z,,Universal Music Ltd.,0.689,0.669,8,-5.029,0,0.0392,0.193,0,0.11,0.553,127.996,4
spotify:track:5XduJ06XvyvI6iwiAvHaqu,Miracle,Miracle,NEXZ,12/18/2023,200053,45,FALSE,dxgbydtxj4ernrimisfdo7p0h,2024-02-20T03:07:01Z,k-pop,Sony Music Labels Inc.,0.845,0.791,7,-1.946,1,0.0596,0.0519,0.00000204,0.0373,0.835,137.981,4
spotify:track:7n21DchMhEHga46iMecQHW,Madness,INCENSE,MOONBIN&SANHA(ASTRO),1/4/2023,177306,43,FALSE,dxgbydtxj4ernrimisfdo7p0h,2024-02-26T00:43:13Z,k-pop,Fantagio,0.718,0.752,6,-3.425,0,0.0338,0.0481,0,0.124,0.81,98.994,4
spotify:track:7seFYEt4Y5B7a0VH97vh8T,BITTER SWEET,BXX,PURPLE KISS,3/19/2024,174600,29,FALSE,dxgbydtxj4ernrimisfdo7p0h,2024-03-23T17:26:07Z,k-pop,RBW Inc.,0.743,0.901,0,-3.638,0,0.0489,0.045,0,0.169,0.63,126.039,4
spotify:track:6hxOGmCrTfCvc0FzpmgUVe,Silence,Villain : The End,DRIPPIN,11/15/2022,190506,24,FALSE,dxgbydtxj4ernrimisfdo7p0h,2024-04-19T00:38:12Z,k-pop,Woollim Entertainment,0.668,0.941,11,-1.503,0,0.0905,0.133,0,0.111,0.675,125.054,4
spotify:track:0vaxYDAuAO1nPolC6bQp7V,Midas Touch,Midas Touch,KISS OF LIFE,4/3/2024,162880,67,FALSE,dxgbydtxj4ernrimisfdo7p0h,2024-04-19T00:38:23Z,k-pop,S2 ENTERTAINMENT INC.,0.796,0.9,6,-3.049,1,0.052,0.0513,0,0.118,0.854,118.969,4
spotify:track:43BSk6dOW6THSGe4PyxNSn,Blue & Black,Blue & Black,HYOJUNG;ARIN;JANGWONYOUNG;LEESEO;SERIM;JUNGMO,6/28/2022,201346,35,FALSE,dxgbydtxj4ernrimisfdo7p0h,2024-04-23T22:40:05Z,,STARSHIP ENTERTAINMENT,0.693,0.871,11,-3.61,1,0.0606,0.00922,0,0.0691,0.589,140.05,4
spotify:track:5vYsQareJoW2jRJjiTFo6K,궁금해 (Next Page),I've IVE,IVE,4/10/2023,199226,49,FALSE,dxgbydtxj4ernrimisfdo7p0h,2024-04-23T22:53:18Z,k-pop,Starship Entertainment,0.792,0.755,7,-4.312,1,0.0461,0.124,0,0.0807,0.544,123.029,4
spotify:track:73XDntqg3Tj0QkV3gzEMwe,Effortless,Effortless,A.C.E,11/7/2023,182241,0,FALSE,dxgbydtxj4ernrimisfdo7p0h,2024-04-25T22:43:52Z,"k-pop,noise music",BEAT INTERACTIVE,0.837,0.767,5,-4.557,1,0.0948,0.0968,0,0.163,0.659,125.014,4
spotify:track:1K2cYJekjVTqjSPJdLhGQB,ERASE ME,PYGMALION,ONEUS,5/8/2023,189840,43,FALSE,dxgbydtxj4ernrimisfdo7p0h,2024-04-28T21:12:28Z,"k-pop,k-rock,noise music",RBW Inc.,0.653,0.732,11,-3.919,0,0.194,0.0135,0,0.0636,0.768,126.956,4
spotify:track:4gOwpU4kMZZNDWkoHYUj1Z,해야 (HEYA),IVE SWITCH,IVE,4/29/2024,189680,64,FALSE,dxgbydtxj4ernrimisfdo7p0h,2024-05-04T21:19:04Z,k-pop,Starship Entertainment,0.702,0.837,5,-3.447,0,0.0567,0.0297,0,0.227,0.685,91.986,4
spotify:track:1BAtAtx0VgWgAMROWK9WYf,Accendio,IVE SWITCH,IVE,4/29/2024,192013,61,FALSE,dxgbydtxj4ernrimisfdo7p0h,2024-05-04T21:19:08Z,k-pop,Starship Entertainment,0.759,0.875,0,-3.942,0,0.0646,0.0493,0,0.0997,0.662,140.011,4
spotify:track:00wTgWOnpWPlTvFsAkZBme,Blue Heart,IVE SWITCH,IVE,4/29/2024,187853,49,FALSE,dxgbydtxj4ernrimisfdo7p0h,2024-05-04T21:19:11Z,k-pop,Starship Entertainment,0.668,0.899,2,-4.306,1,0.0402,0.0352,0.00000398,0.155,0.587,154.954,4
spotify:track:5h0QtLzRxaGI9ujUMugAhr,Ice Queen,IVE SWITCH,IVE,4/29/2024,183226,49,FALSE,dxgbydtxj4ernrimisfdo7p0h,2024-05-04T21:19:15Z,k-pop,Starship Entertainment,0.82,0.65,1,-5.688,0,0.0867,0.371,0,0.0939,0.446,98.027,4
spotify:track:19rjGep5T6DeFqfzn0bPgM,WOW,IVE SWITCH,IVE,4/29/2024,178573,47,FALSE,dxgbydtxj4ernrimisfdo7p0h,2024-05-04T21:19:27Z,k-pop,Starship Entertainment,0.715,0.873,6,-4.086,0,0.0919,0.291,0,0.15,0.873,79.035,4
spotify:track:4hoBqEeOJbrmakqA2Oe4xs,RESET,IVE SWITCH,IVE,4/29/2024,161280,44,FALSE,dxgbydtxj4ernrimisfdo7p0h,2024-05-04T21:19:30Z,k-pop,Starship Entertainment,0.916,0.708,6,-5.639,1,0.241,0.597,0,0.191,0.863,117.099,4
spotify:track:6JlQqA7FDfqLbnpJBwypPe,Teeth,DARK MOON SPECIAL ALBUM <MEMORABILIA>,ENHYPEN,5/13/2024,191889,65,FALSE,dxgbydtxj4ernrimisfdo7p0h,2024-05-21T01:36:05Z,k-pop,BELIFT LAB,0.674,0.936,10,-2.018,0,0.0436,0.0029,0.0385,0.12,0.373,124.966,4
spotify:track:43ux825ezUqIIl782yZUbN,Badder Love - English Version,RIDE or DIE,EVNNE,6/17/2024,157546,30,FALSE,dxgbydtxj4ernrimisfdo7p0h,2024-06-22T06:07:40Z,"k-pop,noise music","Genie Music Corporation, Stone Music Entertainment",0.564,0.952,7,-3.514,1,0.0495,0.211,0,0.386,0.432,159.973,4
spotify:track:4DKDfm5OLW1dIOEAH76Zmg,WooAh HIP,MAMA THE IDOL,MAMADOL,1/28/2022,190160,36,FALSE,dxgbydtxj4ernrimisfdo7p0h,2024-07-09T00:34:25Z,k-pop,Genie Music Corporation,0.7,0.84,9,-2.801,0,0.0676,0.0315,0,0.159,0.637,122.003,4
spotify:track:0Md02V4hwKO5Vu5B7GD8tQ,FOREVER,FOREVER,BABYMONSTER,7/1/2024,212734,65,FALSE,dxgbydtxj4ernrimisfdo7p0h,2024-07-09T01:56:34Z,k-pop,YG Entertainment,0.833,0.704,0,-4.364,1,0.0502,0.102,0,0.101,0.644,129.986,4
spotify:track:5iL9B1OKNfpJSgkbvKngXI,1 Thing,Metamorphic,STAYC,7/1/2024,168106,43,FALSE,dxgbydtxj4ernrimisfdo7p0h,2024-07-23T22:39:03Z,k-pop,High Up Entertainment,0.809,0.748,11,-3.838,0,0.0389,0.0482,0,0.0487,0.834,140.018,4
spotify:track:7ecbsiAQ6PNdiAq0hplVZo,Blessed-Cursed,DIMENSION : ANSWER,ENHYPEN,1/10/2022,170805,65,FALSE,dxgbydtxj4ernrimisfdo7p0h,2024-08-09T04:42:42Z,k-pop,BELIFT LAB,0.604,0.886,4,-3.523,0,0.061,0.0925,0,0.596,0.401,127.098,4
spotify:track:6TWCOczft8rK1LiHfVPuRN,CALL CALL CALL!,WE MAKE YOU,SEVENTEEN,5/30/2018,199866,50,FALSE,dxgbydtxj4ernrimisfdo7p0h,2024-08-16T04:19:19Z,k-pop,PLEDIS ENTERTAINMENT,0.619,0.887,5,-3.676,0,0.246,0.113,0,0.0741,0.642,129.931,4
spotify:track:7dk7jxKBun1JQ2pPPBxDYl,Boyfriend,Cinderella at 2AM OST Part 4,YEONJUN,9/1/2024,202516,66,FALSE,dxgbydtxj4ernrimisfdo7p0h,2024-09-02T03:28:27Z,k-pop,Studio MaumC,0.815,0.557,5,-7.166,1,0.0318,0.109,0,0.089,0.482,114.019,4
spotify:track:5f2CcxzZoW7hNs1O8NhG6y,When I Get Old,When I Get Old,Christopher;CHUNG HA,10/20/2022,184732,54,FALSE,dxgbydtxj4ernrimisfdo7p0h,2024-09-08T20:01:28Z,"dansk pop,k-pop",Parlophone Denmark,0.746,0.62,9,-4.158,0,0.0313,0.262,0,0.189,0.686,127.436,4
spotify:track:6TzU11huC8Hz4FVEsvCeE7,Sparkling,"Bare&Rare, Pt. 1",CHUNG HA,7/11/2022,186906,0,FALSE,dxgbydtxj4ernrimisfdo7p0h,2024-09-08T20:02:51Z,k-pop,MNH ENTERTAINMENT,0.6,0.923,1,-1.926,0,0.105,0.166,0,0.32,0.712,160.025,4
spotify:track:53WD6QvMGh7wXQVP0U8Rnr,Blow,MAGIC MAN,Jackson Wang,9/9/2022,163933,0,FALSE,dxgbydtxj4ernrimisfdo7p0h,2024-09-10T00:05:38Z,k-pop,TEAM WANG records/88rising Music/Warner Records,0.535,0.586,7,-8.256,1,0.107,0.00437,0,0.0745,0.823,124.853,4
spotify:track:3zUxQpCyUrfEjz6Y07yg4b,My Way,SIS (Soft Is Strong),KATSEYE,8/16/2024,154987,79,FALSE,dxgbydtxj4ernrimisfdo7p0h,2024-09-10T02:55:44Z,k-pop,HYBE/Geffen,0.497,0.634,1,-5.107,0,0.0574,0.189,0,0.228,0.526,177.887,4
spotify:track:2Ih0CPdyK7SwbTUUkpun16,Tonight I Might,SIS (Soft Is Strong),KATSEYE,8/16/2024,156233,74,TRUE,dxgbydtxj4ernrimisfdo7p0h,2024-09-10T02:55:51Z,k-pop,HYBE/Geffen,0.67,0.703,0,-4.78,0,0.035,0.0184,0,0.407,0.514,120.036,4
spotify:track:3X76Lal4GwBFqriHz1FbLU,SOS,Love Tune,FIFTY FIFTY,9/20/2024,187507,56,FALSE,dxgbydtxj4ernrimisfdo7p0h,2024-09-22T02:56:17Z,k-pop,ATTRAKT,0.795,0.778,8,-5.032,1,0.0304,0.0852,0.00101,0.153,0.816,124.017,4
spotify:track:2CspwnypzT7rcWI9RfsoSb,Mantra,Mantra,JENNIE,10/10/2024,136627,74,TRUE,dxgbydtxj4ernrimisfdo7p0h,2024-10-12T15:04:04Z,k-pop,OA Entertainment/Columbia,0.894,0.725,10,-4.984,0,0.0432,0.00434,0.0000115,0.0815,0.838,116.988,4
spotify:track:3AXryyinIY17WLddIcNjwT,TTYL,TTYL,Loossemble,9/2/2024,183786,60,FALSE,dxgbydtxj4ernrimisfdo7p0h,2024-10-16T22:02:01Z,k-pop,HanGangMunHwa / ADA,0.593,0.97,1,-1.801,0,0.0602,0.0309,0.0000143,0.273,0.891,144.018,4
spotify:track:198zDKzyktXRG1PGpidY9h,DRIP,DRIP,BABYMONSTER,11/1/2024,180845,76,FALSE,dxgbydtxj4ernrimisfdo7p0h,2024-11-08T05:25:48Z,k-pop,YG Entertainment,0.862,0.687,6,-5.215,1,0.0702,0.065,0,0.0862,0.704,119.972,4
spotify:track:0Rq9lIn9fl4wiW9Tg72ifr,CLIK CLAK,DRIP,BABYMONSTER,11/1/2024,169073,68,FALSE,dxgbydtxj4ernrimisfdo7p0h,2024-11-08T05:25:53Z,k-pop,YG Entertainment,0.944,0.593,9,-6.956,1,0.124,0.0142,0.0000839,0.0401,0.417,135.01,4
spotify:track:27VnLN3KUpvEdKI8n1Zyid,Heaven,The Star Chapter: SANCTUARY,TOMORROW X TOGETHER,11/4/2024,154988,57,FALSE,dxgbydtxj4ernrimisfdo7p0h,2024-11-08T05:26:02Z,k-pop,Republic Records - TXT,0.753,0.66,4,-5.979,0,0.0535,0.199,0,0.194,0.881,121.948,4
spotify:track:3BQeCOUf7M9B7NEpx9r4qj,Over The Moon,The Star Chapter: SANCTUARY,TOMORROW X TOGETHER,11/4/2024,157149,64,FALSE,dxgbydtxj4ernrimisfdo7p0h,2024-11-08T05:26:06Z,k-pop,Republic Records - TXT,0.682,0.873,5,-3.672,0,0.123,0.0919,0,0.106,0.531,115.993,4
spotify:track:1ralgJao31DAneYNlYNsba,Resist (Not Gonna Run Away),The Star Chapter: SANCTUARY,TOMORROW X TOGETHER,11/4/2024,129735,54,FALSE,dxgbydtxj4ernrimisfdo7p0h,2024-11-08T05:26:18Z,k-pop,Republic Records - TXT,0.833,0.676,2,-5.27,1,0.0673,0.283,0,0.0798,0.649,115.969,4
spotify:track:2sl9KiihxhBtc4UKIjXChC,Higher Than Heaven,The Star Chapter: SANCTUARY,TOMORROW X TOGETHER,11/4/2024,161734,53,FALSE,dxgbydtxj4ernrimisfdo7p0h,2024-11-08T05:26:22Z,k-pop,Republic Records - TXT,0.752,0.67,9,-3.999,1,0.0909,0.345,0,0.0332,0.762,129.98,4
spotify:track:04A4WyCRyHQ8Nb3u3IsfzH,I Like It,ATE,Stray Kids,7/19/2024,148632,73,FALSE,dxgbydtxj4ernrimisfdo7p0h,2024-11-08T05:27:00Z,"k-pop,noise music",Republic Records - Stray Kids,0.796,0.847,5,-3.198,0,0.0545,0.0606,0,0.134,0.469,145.015,4
spotify:track:0djkJ3iAARXRCbfbwwVc3o,Love wins all,Love wins all,IU,1/24/2024,271080,68,FALSE,dxgbydtxj4ernrimisfdo7p0h,2024-11-15T05:30:04Z,"k-pop,k-ballad",EDAM Entertainment,0.496,0.447,0,-5.878,1,0.0317,0.82,0,0.098,0.315,101.132,4
spotify:track:7xuh3tFOyUadyh2Uqdv8ql,Love Story,Love Story [The Seasons: Rainbow of Lee Young Ji],TOMORROW X TOGETHER,11/15/2024,235502,52,FALSE,dxgbydtxj4ernrimisfdo7p0h,2024-11-16T01:09:08Z,k-pop,"Genie Music Corporation, Stone Music Entertainment",0.696,0.726,11,-6.275,1,0.0389,0.119,0,0.119,0.27,118.978,4
spotify:track:1z5ebC9238uGoBgzYyvGpQ,toxic till the end,rosie,ROSÉ,12/6/2024,156685,80,FALSE,dxgbydtxj4ernrimisfdo7p0h,2024-12-29T16:44:19Z,k-pop,Atlantic Records,0.413,0.604,7,-5.628,1,0.0999,0.0498,0,0.114,0.296,167.232,4
spotify:track:06BeeZaS4YArThfTMu80QS,Imaginary Friend,GOLD,ITZY,10/15/2024,202429,63,FALSE,dxgbydtxj4ernrimisfdo7p0h,2025-01-14T23:55:16Z,k-pop,Republic Records - ITZY,0.702,0.869,6,-3.533,0,0.0442,0.206,0,0.11,0.802,134.073,4
spotify:track:7yZv08uDBYKCw7poSL3Btb,Here,JIN LAB Project 7. [Here],JINJIN (ASTRO),10/25/2024,173600,32,FALSE,dxgbydtxj4ernrimisfdo7p0h,2025-02-03T23:46:30Z,k-rap,Fantagio,0.448,0.694,8,-6.781,1,0.0809,0.0135,0,0.187,0.322,111.429,3
spotify:track:2oIstUxIrFHP4DODJiGDkt,Let Me Know,Metamorphic,STAYC,7/1/2024,171753,34,FALSE,dxgbydtxj4ernrimisfdo7p0h,2025-03-02T22:04:51Z,k-pop,High Up Entertainment,0.689,0.744,6,-2.745,1,0.0322,0.154,0.0000407,0.0942,0.656,94.998,4
spotify:track:4QTDaL72TntzXCeoHrl6Cx,GIMME GIMME,Smoke Point,ALL(H)OURS,2/4/2025,171386,51,FALSE,dxgbydtxj4ernrimisfdo7p0h,2025-03-12T22:36:32Z,"noise music,k-pop,t-pop,k-rock",EDEN ENTERTAINMENT,0.673,0.943,1,-3.069,1,0.123,0.0118,0.0000279,0.365,0.611,137.001,4
spotify:track:5o4U0weUIAXolji4sEAnjI,Ash,HOT,LE SSERAFIM,3/14/2025,197853,67,FALSE,dxgbydtxj4ernrimisfdo7p0h,2025-03-17T22:42:43Z,k-pop,SOURCE MUSIC,0.695,0.87,0,-5.21,0,0.0389,0.323,0.00136,0.114,0.33,111.986,4
spotify:track:1Hw8WhXlRjfUFDMykf92gA,So Cynical (Badum),HOT,LE SSERAFIM,3/14/2025,155488,63,FALSE,dxgbydtxj4ernrimisfdo7p0h,2025-03-17T22:47:38Z,k-pop,SOURCE MUSIC,0.908,0.797,5,-6.445,0,0.311,0.056,0.00000385,0.0732,0.479,127.039,4
spotify:track:0wu7L2JkRqx2nFCSiYqcKy,Identity,HAUTE COUTURE,MISAMO,11/6/2024,140466,54,FALSE,dxgbydtxj4ernrimisfdo7p0h,2025-04-26T15:01:18Z,k-pop,WM Japan,0.873,0.805,0,-2.648,1,0.0571,0.121,0,0.187,0.585,112,4
spotify:track:0qkYuCno3SoU8vxkCdx0iJ,THUNDER,SEVENTEEN 5th Album 'HAPPY BURSTDAY',SEVENTEEN,5/26/2025,164040,68,FALSE,dxgbydtxj4ernrimisfdo7p0h,2025-05-29T04:43:00Z,k-pop,PLEDIS Entertainment,0.752,0.837,5,-4.996,0,0.0632,0.0332,0,0.0643,0.718,129.988,4
spotify:track:4uj7LoS14txqhRylMR4Fj1,Flashover,DESIRE : UNLEASH,ENHYPEN,6/5/2025,125677,64,FALSE,dxgbydtxj4ernrimisfdo7p0h,2025-06-07T02:06:23Z,k-pop,BELIFT LAB,0.711,0.804,8,-5.287,0,0.0373,0.11,0.000088,0.15,0.49,120.005,4
spotify:track:38pEX03GFZ0PfFDaOrpKOM,Bad Desire (With or Without You),DESIRE : UNLEASH,ENHYPEN,6/5/2025,141885,77,FALSE,dxgbydtxj4ernrimisfdo7p0h,2025-06-07T02:06:28Z,k-pop,BELIFT LAB,0.626,0.725,0,-4.866,0,0.105,0.234,0,0.12,0.665,155.877,4
spotify:track:48jRAABr5TxjWHvoNWClGG,Helium,DESIRE : UNLEASH,ENHYPEN,6/5/2025,162792,70,FALSE,dxgbydtxj4ernrimisfdo7p0h,2025-06-07T02:06:35Z,k-pop,BELIFT LAB,0.458,0.796,2,-5.663,0,0.0409,0.0258,0,0.0829,0.682,167.976,4
spotify:track:373C7aTyGRJw7sVT4UG6Fh,Girls Will Be Girls,Girls Will Be Girls,ITZY,6/9/2025,168013,64,FALSE,dxgbydtxj4ernrimisfdo7p0h,2025-06-10T15:48:00Z,k-pop,Republic Records - ITZY,0.776,0.906,1,-2.923,1,0.0992,0.043,0,0.0311,0.554,130.062,4
spotify:track:7t4Z19BqZ23ExgdiOP0nf6,LIKE YOU BETTER,From Our 20's,fromis_9,6/25/2025,185026,60,FALSE,dxgbydtxj4ernrimisfdo7p0h,2025-07-04T16:56:17Z,"k-pop,bubblegum pop","ASND ENTERTAINMENT CO., LTD",0.678,0.943,6,-2.746,1,0.162,0.0123,0,0.633,0.456,128.955,4
spotify:track:0XTt8RvNdO1zxxTf0L7ZLr,X,5x,ONEUS,6/30/2025,171000,50,FALSE,dxgbydtxj4ernrimisfdo7p0h,2025-07-08T22:55:49Z,"k-pop,k-rock,noise music",RBW Inc.,0.72,0.917,1,-3.208,0,0.0727,0.0102,0,0.0643,0.853,145.924,4
spotify:track:6BAtPw1YwjGnhB6WXH36gQ,Crazy Stupid Fun,ONE HEARTED,AMPERS&ONE,3/26/2024,206986,36,FALSE,dxgbydtxj4ernrimisfdo7p0h,2025-07-08T23:00:02Z,"k-pop,t-pop",FNC ENTERTAINMENT,0.735,0.835,11,-3.612,0,0.162,0.00117,0,0.287,0.603,123.983,4
spotify:track:26WwdBnRwJvQHioWu6mDyC,"U&I (feat. 조영배, J.ISA & OTAKON Friends)",U&I,U_Chae;조영배;J.ISA;OTAKON Friends,10/31/2024,204657,9,FALSE,dxgbydtxj4ernrimisfdo7p0h,2025-07-08T23:06:15Z,,JUNITY,0.573,0.722,4,-9.548,0,0.0424,0.000809,0.0000257,0.0575,0.464,145.939,4
spotify:track:2UjpQS69PkI3YqzYH0Zksi,BOY,STAYC Special Single [I WANT IT],STAYC,7/23/2025,181972,40,FALSE,dxgbydtxj4ernrimisfdo7p0h,2025-07-25T22:36:44Z,k-pop,High Up Entertainment,0.673,0.861,4,-3.144,1,0.0314,0.0154,0.000863,0.311,0.665,135.974,4
spotify:track:0jMpPkXZHfsIFQ6cOK4zEe,flipp!ng a coin,the Billage of perception : chapter one,Billlie,11/10/2021,195053,37,FALSE,dxgbydtxj4ernrimisfdo7p0h,2025-08-29T07:01:03Z,k-pop,MYSTIC STORY,0.751,0.888,10,-3.644,0,0.176,0.0281,0.0000964,0.12,0.786,124.959,4
spotify:track:32g63Iumwcy21B2W31onXw,Pisces,GAME PLAN,JEON SOMI,8/7/2023,167544,38,FALSE,dxgbydtxj4ernrimisfdo7p0h,2025-09-29T17:17:24Z,k-pop,THEBLACKLABEL/Interscope Records,0.762,0.709,11,-5.973,0,0.0392,0.0166,0,0.204,0.547,128.098,4
spotify:track:62H81Kwa6UuErMbu7NkJbF,Supernova,Supernova,JUNHEE,8/14/2025,150693,52,FALSE,dxgbydtxj4ernrimisfdo7p0h,2025-10-03T12:48:37Z,,"H&P Entertainment, PAN Entertainment",0.746,0.692,1,-5.746,0,0.0782,0.418,0,0.114,0.594,122.106,4
spotify:track:4i0HNuFEH6P6K4UnsY5uUh,Blue Valentine,Blue Valentine,NMIXX,10/13/2025,186000,77,FALSE,dxgbydtxj4ernrimisfdo7p0h,2025-10-24T17:17:34Z,k-pop,Republic Records - NMIXX,0.592,0.857,9,-3.967,1,0.345,0.161,0,0.0884,0.544,159.436,4
spotify:track:4fdolSsdFlJ6EKFu2BNuHj,Phoenix,Blue Valentine,NMIXX,10/13/2025,164000,63,FALSE,dxgbydtxj4ernrimisfdo7p0h,2025-10-24T17:17:40Z,k-pop,Republic Records - NMIXX,0.657,0.954,0,-4.254,1,0.041,0.00503,0.000223,0.0658,0.73,134.013,4
spotify:track:1Q89wi4LD9O9oU1gn0hL7Y,Shape of Love,Blue Valentine,NMIXX,10/13/2025,172000,61,FALSE,dxgbydtxj4ernrimisfdo7p0h,2025-10-24T17:17:50Z,k-pop,Republic Records - NMIXX,0.769,0.783,8,-5.146,1,0.0503,0.18,0,0.121,0.778,125.025,4
spotify:track:366hct4ncFRf5TOvEjMVuf,RUSH,With YOU-th,TWICE,2/23/2024,156306,52,FALSE,dxgbydtxj4ernrimisfdo7p0h,2025-10-27T16:21:52Z,k-pop,Republic Records - TWICE,0.718,0.759,11,-4.307,1,0.0387,0.0817,0.00000417,0.121,0.719,145.065,4
spotify:track:1Wr3KJN8y31KSsfi3WjVgv,Rizz,UXLXVE,XLOV,11/5/2025,141000,72,FALSE,dxgbydtxj4ernrimisfdo7p0h,2025-11-07T07:25:04Z,k-pop,Quarter Music,0.891,0.503,5,-5.338,0,0.0605,0.0421,0,0.114,0.414,134.98,4
spotify:track:4z7I0iaA063AFHeGElKap5,Biii:-P,UXLXVE,XLOV,11/5/2025,131000,70,FALSE,dxgbydtxj4ernrimisfdo7p0h,2025-11-08T07:02:12Z,k-pop,Quarter Music,0.793,0.693,11,-7.099,1,0.0706,0.0511,0.000158,0.529,0.699,145.052,4
spotify:track:3L5wYisClQZ30ercc1hdn6,Breath,A Violet to Remember,PURPLE KISS,11/16/2025,182000,46,FALSE,dxgbydtxj4ernrimisfdo7p0h,2025-11-17T03:05:52Z,k-pop,RBW Inc.,0.789,0.699,6,-4.319,1,0.0602,0.198,0,0.059,0.629,123.938,4
